uri,danceability,energy,key,loudness,speechiness,acousticness,instrumentalness,valence,tempo
3J8EOeKLTLXORtWPpOU5bE,0.907,0.393,4,-7.636,0.0539,0.451,1.35e-06,0.202,104.949
5JtvedSVWW9McnoEAPJwQm,0.857,0.427,8,-8.638,0.112,0.281,0.0,0.366,130.033
3SdTKo2uVsxFblQjpScoHy,0.65,0.306,9,-9.443,0.0393,0.57,7.07e-06,0.605,118.068
2DpJ9T2RVRanZcYFHKOAfA,0.547,0.335,4,-9.2,0.0307,0.747,0.0,0.474,115.838
0RLLvYBopDwooCyvnTwgYu,0.567,0.515,6,-10.265,0.247,0.354,0.0,0.321,120.1
1HvTxgCj0mTzQlEo0zLvFb,0.684,0.545,1,-6.885,0.121,0.159,0.0,0.407,143.049
4XvcHTUfIlWfyJTRG0aqlo,0.829,0.512,6,-5.865,0.187,0.492,0.0,0.638,80.511
6EbVuwU7EnKeF2hdpViXCH,0.808,0.582,11,-6.26,0.338,0.827,0.0,0.675,77.471
2BJWxD8xKrDv8vneTvTIm9,0.498,0.625,8,-7.452,0.342,0.054,0.0,0.478,84.821
29d0nY7TzCoi22XBqDQkiP,0.625,0.533,10,-11.903,0.0596,0.659,0.00266,0.139,108.296
1dg3qy5DjoJodawfOCgrTP,0.88,0.575,6,-6.091,0.163,0.415,0.0,0.671,120.031
2D3moQIIadQ0sQDNQej6Ko,0.766,0.39,10,-9.57,0.106,0.642,1.36e-06,0.462,95.038
1gqcQWdsH5d141QcxotwfG,0.696,0.462,0,-9.152,0.036,0.695,2.47e-05,0.526,124.377
60ZsEbpgTbWUPvdDosRU42,0.694,0.466,0,-9.315,0.0374,0.715,1.81e-05,0.574,124.38
66jXAvW3OHqpeEnHDhOUKY,0.696,0.462,0,-9.152,0.036,0.695,2.47e-05,0.526,124.377
3JRi5bymnIQ2fhIetoOm3r,0.568,0.94,4,-6.414,0.0402,0.0366,0.00314,0.738,114.873
6avU5EHB4NNLv9RItX9pEb,0.696,0.462,0,-9.152,0.036,0.695,2.47e-05,0.526,124.377
0jSlCQQ0XiIo0XcX7VTrb3,0.562,0.512,2,-6.443,0.0239,0.109,0.0,0.189,142.4
2QGuFhaQDrGKqtkOgItDJS,0.632,0.866,1,-5.445,0.0488,0.0556,5.75e-06,0.835,87.785
0Qo6ENwrR9bj9nKWEuNslx,0.47,0.439,8,-8.892,0.0322,0.741,1.64e-05,0.287,108.037
3jVoxrwRPJihoYZVhSS5Ta,0.569,0.443,7,-8.402,0.0327,0.461,0.0,0.15,75.038
3OiUOulzZiEfaADvJNR7wa,0.703,0.225,4,-11.366,0.0511,0.731,4.59e-06,0.399,143.248
2vtGCoqTS1yUfxq9YxKyKq,0.752,0.92,2,-6.111,0.0649,0.0148,2.03e-05,0.744,114.16
5JfCThSgcFgzV6gGi7BxBP,0.581,0.429,1,-10.007,0.0326,0.18,0.00106,0.504,123.802
6OSs0dmcVqVdeWOmsaA5g1,0.556,0.537,7,-10.761,0.0282,0.377,0.0,0.313,95.914
5YWW66ptUmdgUNBKU72sgX,0.751,0.637,10,-8.716,0.256,0.429,0.0,0.559,141.985
4jeV7Au08Ig1ol6vLDlMZU,0.654,0.307,10,-9.25,0.0299,0.514,1.58e-06,0.192,93.893
19DhbcqPx96nCoPvm6ViUV,0.71,0.514,9,-8.885,0.0278,0.58,0.000159,0.517,86.02
5xe8JKOPu53Q2Fa2FRuCfZ,0.771,0.898,11,-6.432,0.0404,0.299,0.0899,0.961,116.204
0OdhpoWEDTLsUcTNFlYkY3,0.754,0.427,3,-14.662,0.0318,0.157,0.00406,0.871,124.839
6qxqttcwmFodaFyhaCvIiT,0.647,0.876,10,-5.662,0.185,0.881,3.59e-05,0.949,151.925
3RXAcz7Sa6JDZSxcH1EEQ6,0.647,0.876,10,-5.662,0.185,0.881,3.59e-05,0.949,151.925
4DQg4j3oJyFWiPyc9g1fmQ,0.647,0.876,10,-5.662,0.185,0.881,3.59e-05,0.949,151.925
03Uo2utHEdsOoEKwPs4w0G,0.647,0.876,10,-5.662,0.185,0.881,3.59e-05,0.949,151.925
64tk48BHD71SlomdRag8bm,0.647,0.876,10,-5.662,0.185,0.881,3.59e-05,0.949,151.925
2NDDTipKDL1L09WV2GSN52,0.647,0.876,10,-5.662,0.185,0.881,3.59e-05,0.949,151.925
1GqAFWj0HSbX055zDc94Wj,0.682,0.776,7,-8.314,0.114,0.83,1.1e-05,0.959,151.799
5Qd6E8tsImeyOgf0JcsZ7x,0.697,0.399,2,-6.013,0.0375,0.611,2.06e-05,0.916,140.105
3D5m9td727oNdjUh8EmVVg,0.697,0.399,2,-6.013,0.0375,0.611,2.06e-05,0.916,140.105
07Yr4PU7SAT5NCSjZppwhP,0.8,0.464,7,-7.432,0.0324,0.739,1.33e-06,0.87,100.718
0mDGPYN5mD8189OTUNlMQT,0.49,0.625,2,-6.898,0.0423,0.503,4.45e-06,0.552,78.723
75JjsyGDbAaO2tPvdcYZp8,0.751,0.612,10,-3.196,0.0361,0.261,2.48e-05,0.942,116.016
2qhASBzpbFhPRtrnZ5lLnz,0.339,0.208,0,-16.725,0.0308,0.396,0.000519,0.288,98.54
4eI5BOrdNZxE8oHqLKUsNM,0.65,0.307,9,-9.443,0.0393,0.57,7.07e-06,0.604,118.087
4eNOLmx8r2IJAVKvBBL1jv,0.808,0.639,1,-7.266,0.279,0.0802,0.0,0.395,118.0
7jktxmkjQIRbiBzMmYv32E,0.629,0.909,4,-6.125,0.0586,0.0129,0.000165,0.772,143.952
6CGmcIW8lElAxYJb3dETOS,0.647,0.876,10,-5.662,0.185,0.881,3.59e-05,0.949,151.925
5KyvxpYGgAUY55lDfnSROX,0.647,0.876,10,-5.662,0.185,0.881,3.59e-05,0.949,151.925
03MW3H9B2P7tgpvzG3klNI,0.647,0.876,10,-5.662,0.185,0.881,3.59e-05,0.949,151.925
1Gz71YTPdkTuY07nTW03Pz,0.647,0.876,10,-5.662,0.185,0.881,3.59e-05,0.949,151.925
1S4rxDloMtAduogKeiJZmR,0.647,0.876,10,-5.662,0.185,0.881,3.59e-05,0.949,151.925
7pO8TsOPKQCgFVLYkoCiFV,0.647,0.876,10,-5.662,0.185,0.881,3.59e-05,0.949,151.925
0qyMrxLDdU14grB9GWndxa,0.647,0.876,10,-5.662,0.185,0.881,3.59e-05,0.949,151.925
5YtIkHosMnyhM3ZwcAnvtd,0.647,0.876,10,-5.662,0.185,0.881,3.59e-05,0.949,151.925
6rLd9ykKL0GubTG8PDFxA6,0.647,0.876,10,-5.662,0.185,0.881,3.59e-05,0.949,151.925
0A2fX1kBVpevzGnMjx5fnX,0.647,0.876,10,-5.662,0.185,0.881,3.59e-05,0.949,151.925
41W0wl8R09GtIJ9wO677kF,0.791,0.495,1,-5.837,0.0799,0.595,0.0,0.825,140.835
0HeG8Hl4Upx3zqwK7VNY2l,0.647,0.876,10,-5.662,0.185,0.881,3.59e-05,0.949,151.925
52MCmoSCtPRbVN5Njdo6G5,0.647,0.876,10,-5.662,0.185,0.881,3.59e-05,0.949,151.925
4VP37dqsrYmgYiAF7MO4i1,0.572,0.848,7,-10.054,0.125,0.739,4.67e-06,0.927,157.621
1B7GdW07UqOJzgZDc8T3ec,0.647,0.876,10,-5.662,0.185,0.881,3.59e-05,0.949,151.925
0FJ5C03igALJMeicHGorCo,0.647,0.876,10,-5.662,0.185,0.881,3.59e-05,0.949,151.925
3jjT8uAXdwIgXCbRjfnsSE,0.647,0.876,10,-5.662,0.185,0.881,3.59e-05,0.949,151.925
73bhxlCJIK9bwH0miqSxw9,0.755,0.642,10,-11.849,0.0566,0.564,0.000105,0.969,79.768
7c3WYpxhHvUFaYqWioIN7a,0.647,0.876,10,-5.662,0.185,0.881,3.59e-05,0.949,151.925
7l7jGqZ6tLyCpDURjWJCdS,0.648,0.441,3,-3.676,0.0332,0.715,0.0,0.894,130.986
0GZpxW1UfoInSJug7m34fR,0.647,0.876,10,-5.662,0.185,0.881,3.59e-05,0.949,151.925
1ZCreSfHLOgtmC85t9nNsI,0.647,0.876,10,-5.662,0.185,0.881,3.59e-05,0.949,151.925
0RphKXkhRYBkPDA0SkG5U7,0.647,0.876,10,-5.662,0.185,0.881,3.59e-05,0.949,151.925
3IUpuyEMIgt4GvEZ2TqERF,0.647,0.876,10,-5.662,0.185,0.881,3.59e-05,0.949,151.925
1Jc5rVFIyOy6XO3ATB1Lh9,0.647,0.876,10,-5.662,0.185,0.881,3.59e-05,0.949,151.925
47AOrVM9akhsb59TD6ijjz,0.647,0.876,10,-5.662,0.185,0.881,3.59e-05,0.949,151.925
1P5YSdlW0yDkMTxiLGDldP,0.647,0.876,10,-5.662,0.185,0.881,3.59e-05,0.949,151.925
0XgmLT6nDInA6w2yxpVsZh,0.647,0.876,10,-5.662,0.185,0.881,3.59e-05,0.949,151.925
7m4luTtlene5vS6xUvWxRt,0.647,0.876,10,-5.662,0.185,0.881,3.59e-05,0.949,151.925
02NjAsgrCjbFioTyGI0FeT,0.647,0.876,10,-5.662,0.185,0.881,3.59e-05,0.949,151.925
6ceypJqP0dr2LDpeZpSaXR,0.647,0.876,10,-5.662,0.185,0.881,3.59e-05,0.949,151.925
0UfbRLBZi1780FbGc07dg0,0.647,0.876,10,-5.662,0.185,0.881,3.59e-05,0.949,151.925
1UbzmkVajS4YyoJLuGP7q9,0.692,0.487,7,-6.708,0.0356,0.685,0.0,0.98,108.009
4vJrtcgQoULwkPyFkXNYCx,0.647,0.876,10,-5.662,0.185,0.881,3.59e-05,0.949,151.925
3iyTXUFlm1YrquUUgXlPM1,0.647,0.876,10,-5.662,0.185,0.881,3.59e-05,0.949,151.925
5tf3V8LihD79bK9Tg8d841,0.486,0.627,5,-4.161,0.0397,0.496,9.59e-05,0.871,173.956
4KlkkmZpxUkBFnmbAOQ9RQ,0.588,0.682,7,-14.75,0.161,0.683,2.44e-05,0.889,157.189
43UwresvfvNPDl8BQruk4L,0.572,0.848,7,-10.054,0.125,0.739,4.67e-06,0.927,157.621
3yTfCvdiC3N71rUTDMMMZx,0.816,0.645,5,-5.435,0.0402,0.517,0.0,0.74,94.965
52gGYiO7QQtQMpvF8OBHDV,0.684,0.708,9,-11.404,0.0299,0.513,2.19e-06,0.84,134.685
4MmDaMzOyCDEMCGkl55hva,0.565,0.61,0,-13.236,0.0372,0.568,0.0,0.921,93.504
4pEYt2rphby3dY8a4SLSzr,0.633,0.575,7,-2.358,0.0357,0.431,0.0,0.902,154.14
0mG6igzxbH55XRyq3ygEh8,0.775,0.518,6,-5.857,0.311,0.455,0.0,0.646,161.011
5QvW5lK6mkfTegpAK9JOO7,0.642,0.787,5,-6.389,0.17,0.0185,0.0,0.406,146.733
0W64NfLrIsRTAFObko6uJx,0.51,0.619,7,-7.918,0.281,0.801,0.0,0.321,97.018
2HegWuw33lBqopjopozt7N,0.417,0.959,3,-5.853,0.154,0.0741,0.000243,0.522,82.771
4oMVO2Ykko5M6cU6yCAkNt,0.547,0.577,3,-1.172,0.037,0.49,0.0,0.776,169.853
1aKSNq3Skm9MIIksjx5bFy,0.378,0.916,8,-7.516,0.0921,0.024,0.000381,0.622,93.065
6UBSmORaOAviaRrMEZRNH9,0.437,0.978,6,-5.107,0.0852,0.0104,0.000352,0.58,100.54
0mFUqKd7VxTNNMfHefoxwS,0.801,0.844,1,-2.528,0.0387,0.292,0.000633,0.871,113.005
00tVVn9y5Ar2mmfiN0Bjmq,0.613,0.278,10,-13.709,0.0288,0.633,0.0,0.55,74.311
2EjxmOw1V5MZ40S7rCiHeP,0.782,0.39,8,-10.786,0.041,0.369,0.00031,0.977,120.059
6Kt6Lnwhmw13qeD345A84E,0.736,0.506,9,-7.857,0.0344,0.182,3.57e-06,0.563,96.083
7sm6y1cWTWjX3ke2WMQRAs,0.757,0.707,3,-3.158,0.0352,0.475,0.0,0.858,127.954
7K0Nelb1gfXMjaChQS1nzZ,0.582,0.538,2,-9.395,0.0353,0.636,2.23e-06,0.355,76.008
6gmuILX9ZEUWVmUaPcJrpR,0.727,0.796,0,-4.224,0.0445,0.00149,0.000221,0.422,149.966
7hiUBUSyIepRGWQbYrMvzw,0.52,0.591,6,-3.225,0.0301,0.353,0.00412,0.359,151.089
3G7Y6YBp2OjIe8hez3HCoq,0.56,0.783,7,-5.695,0.0249,0.136,1.18e-05,0.734,94.008
3Xomal5ygcaPbGUwVqVtEg,0.564,0.856,7,-4.994,0.0363,0.215,0.0,0.726,120.528
3Ob98mJElVwt9PwhuFqtIP,0.43,0.744,7,-7.924,0.0707,0.0491,0.0,0.812,172.522
0JuXDQ85bBXnjekwRpE4D4,0.617,0.446,4,-11.506,0.0265,0.622,0.000309,0.294,133.272
3Xx8DDgvddsYPnxTH2LXsd,0.575,0.902,6,-3.092,0.0321,0.077,0.0,0.601,130.024
2yLypKwqWWKUJ23QmZhbdi,0.538,0.391,0,-9.031,0.0256,0.898,0.00558,0.398,88.562
0bLavFKcMljHzTJAx3sHNS,0.582,0.813,0,-4.558,0.0295,0.0819,0.00119,0.345,109.934
1qi64DOjaB3BQDGZmNg3AG,0.629,0.56,0,-11.455,0.0523,0.595,0.0,0.88,118.895
31cWLSWcitDSeOBKhcjhMG,0.629,0.56,0,-11.455,0.0523,0.595,0.0,0.88,118.895
7AOlhO09yFC6WvbPSj2qv1,0.629,0.56,0,-11.455,0.0523,0.595,0.0,0.88,118.895
51FJdn3qfNBgFhBpKdlqme,0.666,0.665,9,-8.448,0.0322,0.16,0.0,0.548,114.039
763FEhIZGILafwlkipdgtI,0.629,0.56,0,-11.455,0.0523,0.595,0.0,0.88,118.895
69O3Bdh6vBYY3cN3BwTH2Y,0.806,0.366,7,-8.779,0.0833,0.432,0.0,0.983,113.583
3cHu1UqgGTMPLiGrWDQHVC,0.629,0.56,0,-11.455,0.0523,0.595,0.0,0.88,118.895
4RaRa1BcDpF3THZhcgOPDS,0.715,0.601,3,-3.413,0.0327,0.538,5.01e-06,0.796,134.929
5dva7BVCxokQMBpa6c3iBi,0.558,0.683,7,-6.061,0.0807,0.0248,7.85e-05,0.624,79.508
6vmVxm1RRAKfc7MPVUWy3z,0.569,0.419,0,-9.725,0.0318,0.831,0.0,0.45,97.918
2DqZ957WcDhSfsQN3wt14S,0.638,0.7,8,-7.466,0.12,0.242,0.0,0.649,74.943
1wyzGqooLn3uYe9ejz2VOi,0.617,0.771,7,-8.601,0.0328,0.00832,0.000115,0.881,140.211
0FcYoRbrZ9eR2bc5nw6feN,0.325,0.947,2,-7.304,0.115,0.174,0.0,0.593,202.846
1fpFEHZ7Yb2nwZkck7mhkv,0.764,0.679,0,-3.619,0.0365,0.45,3.53e-06,0.983,132.541
2kbTb1Unb8QdXAoajQLHOp,0.736,0.704,11,-9.654,0.0398,0.278,0.0,0.96,97.378
6X9rlFcbOE0SsrarJ8PFMQ,0.543,0.358,7,-8.927,0.151,0.546,0.0,0.441,110.457
6I1xKOKLWzxIuauemavcz3,0.536,0.399,10,-7.579,0.0319,0.307,0.000327,0.476,81.371
7lIvg01DpMhSik4eDb1VLF,0.711,0.525,7,-4.589,0.043,0.582,0.0,0.928,150.215
2go4N239uPaY9BuXjqBaN7,0.807,0.457,7,-10.013,0.0374,0.66,0.0391,0.418,122.518
6N7tD8zXsfjC19RIHhzg4i,0.585,0.7,11,-8.591,0.0847,0.085,0.245,0.951,177.588
2vfZqjFC0QsRMewYWAiY9Y,0.706,0.8,9,-9.421,0.0516,0.0332,0.037,0.725,122.396
5FTkJggemdWf4Kr6CyWJv1,0.754,0.495,0,-10.966,0.0322,0.106,0.00316,0.807,140.244
5uyHnjSjznvJPQNEgkB9lx,0.546,0.85,9,-8.415,0.0498,0.449,0.000779,0.747,100.304
5GCz9BOkt17aI6ZOR3EiUl,0.6,0.869,4,-5.565,0.315,0.0364,0.0,0.786,85.409
2QfiRTz5Yc8DdShCxG1tB2,0.534,0.803,10,-9.129,0.0743,0.741,6.07e-05,0.969,167.983
52LbfFLnCm9liqK6VBBoQD,0.869,0.802,9,-3.37,0.504,0.0978,0.0,0.346,140.89
3QTZkm3pLOZfErqf91YSOO,0.869,0.802,9,-3.37,0.504,0.0978,0.0,0.346,140.89
45e6OL7Aixm8fxWpBAJ7DY,0.869,0.802,9,-3.37,0.504,0.0978,0.0,0.346,140.89
0tEXlkyMxbOFoD1434xDuN,0.869,0.802,9,-3.37,0.504,0.0978,0.0,0.346,140.89
0apVKzNiTjADxZIIKpX7kA,0.869,0.802,9,-3.37,0.504,0.0978,0.0,0.346,140.89
5GAumNrU3x54Joxg95Ibb7,0.869,0.802,9,-3.37,0.504,0.0978,0.0,0.346,140.89
6ZkeNE5zlcl13PbnzXdw38,0.474,0.983,10,-5.498,0.0598,0.0182,0.000128,0.725,92.68
48i055G1OT5KxGGftwFxWy,0.619,0.603,9,-9.481,0.0342,0.712,0.0,0.958,127.433
2liWidOj8NL80SxHJqS6fV,0.869,0.802,9,-3.37,0.504,0.0978,0.0,0.346,140.89
6orFb31OWo3wQSGIQfi6Nt,0.869,0.802,9,-3.37,0.504,0.0978,0.0,0.346,140.89
7FqkxZQpaqzQtLKrUhELLw,0.869,0.802,9,-3.37,0.504,0.0978,0.0,0.346,140.89
0OHb7gATo0tsH5MfDQTMLw,0.829,0.572,11,-6.902,0.746,0.281,0.0,0.54,143.935
2hRNxkgCScd5yxbTsrGQR4,0.544,0.596,1,-10.325,0.059,0.226,1.17e-05,0.794,80.96
5HnS5kHBcUEleSVO0IooQD,0.494,0.442,9,-8.764,0.106,0.437,0.00049,0.4,89.506
0VljLybFVhAQbc5qBDHawU,0.888,0.566,2,-5.136,0.403,0.13,0.0,0.488,142.974
48u8UBBgyKStzEJcDRM5UK,0.884,0.665,8,-5.601,0.414,0.0986,0.0,0.462,140.997
14IzkK3IZfcIMWnriKclKo,0.54,0.71,8,-9.179,0.0325,0.0856,0.00426,0.403,134.719
2ScU6iEvgb0TIuKiyem9rg,0.345,0.976,8,-4.74,0.0487,0.000587,0.0507,0.818,181.121
4r2I7ioBFYcUezMRnPVlYx,0.702,0.675,10,-5.352,0.351,0.363,0.0,0.626,83.515
2agBuyTLCHxi0VvsBlueRw,0.888,0.566,2,-5.136,0.403,0.13,0.0,0.488,142.974
3bu9zBjvsZ1A14tbN6tseM,0.888,0.566,2,-5.136,0.403,0.13,0.0,0.488,142.974
5uDxxT5hBxtOj7qTR0WCoB,0.691,0.749,2,-4.486,0.0378,0.176,0.0,0.48,129.623
1jdAzKbRRrIQ3fpodftKfj,0.574,0.89,6,-5.789,0.041,0.082,0.0,0.83,97.9
0ganZjtkMwkoRvYQk7te7h,0.768,0.52,0,-7.375,0.0994,0.0912,1.26e-06,0.776,140.109
6Q4RJGUzVQym5RL5iq6627,0.687,0.675,7,-7.093,0.0578,0.337,6.64e-06,0.682,149.996
0VlvuqnBF8VRqT4iV1HekA,0.899,0.538,7,-9.458,0.466,0.0264,0.0,0.864,88.268
6iGnVMtuISrHb0SQyGe3YA,0.852,0.621,5,-3.843,0.0483,0.126,1.43e-05,0.896,115.374
0F6ajDDUlAepkLFIyBLS0W,0.6,0.389,0,-7.982,0.0327,0.564,0.0,0.811,150.309
2hHIB7iJW9Pj7sDNqZ2S3g,0.697,0.501,3,-9.477,0.0817,0.677,0.000621,0.792,113.66
3w9rbjxB0vGRaEZH0G2qCo,0.892,0.519,9,-7.568,0.348,0.162,0.0,0.653,84.14
4N8rEj0nz6oVhyv3aggHfP,0.78,0.937,9,-4.108,0.147,0.0319,0.0,0.935,137.156
41jxXLrYhNsogBNYKHWLih,0.776,0.407,4,-8.282,0.0649,0.644,0.0,0.749,122.889
4OIRWMwEHR6oCU7g1QgK0n,0.669,0.81,2,-6.854,0.0341,0.408,8.58e-06,0.966,111.58
2Pn03PIZpWIt34wML20qst,0.331,0.942,9,-3.968,0.141,0.00228,0.00524,0.143,180.372
63Slke1vlnpTejDeluhyQ9,0.383,0.984,8,-3.573,0.103,0.000246,0.287,0.304,164.959
02IzKHWkGVtNMdPoOAxHb3,0.383,0.984,8,-3.573,0.103,0.000246,0.287,0.304,164.959
1PsqGUXy4eFdOKOmafn2ea,0.409,0.198,9,-10.832,0.0293,0.751,0.000712,0.14,132.782
1tnZipedfyuRJlxkW8o5za,0.646,0.934,9,-6.955,0.0531,0.129,1.03e-05,0.698,142.616
6LRi5d43sx0SSwXvbdABKU,0.626,0.723,10,-1.882,0.028,0.629,8.01e-06,0.562,144.003
6vXQ12lw0BOY8ZAwT80wJy,0.409,0.198,9,-10.832,0.0293,0.751,0.000712,0.14,132.782
4qiiHAveTEHWvtxwGSPJaY,0.728,0.418,5,-6.852,0.0336,0.384,0.0,0.883,145.171
4qEJ335QcS2azvUJPgHG7S,0.409,0.198,9,-10.832,0.0293,0.751,0.000712,0.14,132.782
41tMIgwIR0Ye3ivO6GMr5q,0.409,0.198,9,-10.832,0.0293,0.751,0.000712,0.14,132.782
6rmTI4qrd6b2iJddcCJy3A,0.409,0.198,9,-10.832,0.0293,0.751,0.000712,0.14,132.782
6ozLwDnOkZBN1yir033PyG,0.799,0.736,8,-7.189,0.0582,0.283,0.000347,0.975,106.539
1d9KF847JVwN14mR4zBe8l,0.589,0.432,10,-14.089,0.0361,0.00919,0.195,0.605,124.084
1modDYKBVY7mi6wo3vd6P4,0.731,0.328,0,-7.947,0.069,0.816,0.0,0.929,103.228
6IuN5rqcAeHmzK5d5r0RWL,0.831,0.724,2,-3.157,0.203,0.0229,1.23e-06,0.9,145.055
2DcRv49cdbnHGGWFIuHBkI,0.616,0.714,7,-3.965,0.311,0.243,0.0,0.695,176.192
3YNuIpKlMbdi47VdQmOEq2,0.52,0.571,5,-8.423,0.0333,0.692,2.01e-06,0.399,96.081
1hB4340DP1nnBmfWn37uTN,0.624,0.589,2,-6.669,0.281,0.302,0.0,0.78,76.847
2TwM6FmWDMSBDdKYOsWKdy,0.549,0.686,7,-10.313,0.136,0.291,0.0,0.926,172.601
4IM0eSvgcbFwuwMx0iYOUu,0.471,0.557,10,-9.696,0.0277,0.413,7.61e-06,0.26,127.164
7sC2sL3Q5cZswDQJfnlfOt,0.215,0.945,10,-7.201,0.0798,0.000639,0.453,0.603,179.079
0snqXhYtZExuEtkdehmzhe,0.471,0.557,10,-9.696,0.0277,0.413,7.61e-06,0.26,127.164
7dZq3hxakgytMDpxK0QNhR,0.513,0.89,5,-5.253,0.0728,0.0319,0.00108,0.73,122.698
3QoydK0LFOpK0JnfIpCffR,0.511,0.981,0,-5.329,0.0579,0.0301,0.0612,0.896,172.968
2NV0oNAYgjlN27SeNIo8bL,0.581,0.857,7,-5.89,0.127,0.374,0.0462,0.697,140.885
7MoPVyB6vUWwzGoo2EMGD4,0.471,0.557,10,-9.696,0.0277,0.413,7.61e-06,0.26,127.164
596C0Jf31sDqGQSgs9Dcfq,0.471,0.557,10,-9.696,0.0277,0.413,7.61e-06,0.26,127.164
1LHuh8FGqIo4VqFPwq9Ck4,0.59,0.532,4,-5.446,0.0293,0.504,0.0,0.584,145.973
2VTgVKaabe96ezuyDW5ugq,0.557,0.898,11,-5.109,0.25,0.551,0.0,0.827,109.246
17TL9yOtBcUaq4dwq4WBa8,0.544,0.649,1,-5.225,0.0548,0.706,1.9e-06,0.845,137.746
31uiFApsv5BVunx9bypX6u,0.589,0.967,8,-6.05,0.0751,0.0163,5.83e-06,0.44,114.154
6UpXhrZeMtzIo8rHwKCUck,0.698,0.422,10,-4.74,0.0405,0.591,0.0,0.645,130.667
4D75ixy2I4ft75Ay25fKyP,0.42,0.542,7,-13.097,0.036,0.02,0.0471,0.72,129.726
3qzgGSGtGAcXGZJ7UG68hr,0.572,0.567,11,-12.398,0.0388,0.0435,0.129,0.768,81.917
28RUIwtdKUNoMVlg4DzsgV,0.773,0.413,8,-5.931,0.049,0.344,6.57e-05,0.88,98.749
6LUNGq8PjLgalGTddriqij,0.786,0.525,11,-7.373,0.13,0.14,0.0,0.686,130.077
18Lb0yf7HlgETLgfaBG6eV,0.753,0.755,2,-9.196,0.029,0.0547,0.00459,0.949,138.518
0EVhfRiVBGjrIUFyW0Aaut,0.765,0.534,2,-6.867,0.101,0.258,4.82e-06,0.512,143.865
5LnKmt8Gc9vrqeFdliF3vM,0.299,0.377,0,-7.425,0.0283,0.859,0.0,0.378,69.272
3Ma7En4uWNtzGAhXHVfmCY,0.576,0.682,3,-4.212,0.0369,0.726,0.0,0.919,145.274
63Y39bpBmgiKXs4hSJ0dD3,0.45,0.552,2,-6.9,0.0391,0.745,0.0,0.741,157.24
3DeJRsFwGGsX0TC6k4aEWm,0.339,0.624,8,-4.755,0.0313,0.421,1.36e-05,0.408,200.332
4IMY53WTwPCK0RiXcpzAXb,0.299,0.377,0,-7.425,0.0283,0.859,0.0,0.378,69.272
769Fq73HiVK9qfOQKKvpLB,0.507,0.9,0,-5.513,0.0635,0.226,0.0,0.536,94.466
7g7Zqii3qccY5O8DNL8PFw,0.525,0.711,2,-5.325,0.0333,0.651,0.0,0.904,69.688
4S3Rq07dySyfkce2v2arfp,0.525,0.711,2,-5.325,0.0333,0.651,0.0,0.904,69.688
7jkfwumh6cQYFsIsqPJ7ps,0.648,0.463,3,-7.572,0.032,0.806,0.0,0.744,102.511
62U267s93BGXW3NksPKVs3,0.525,0.711,2,-5.325,0.0333,0.651,0.0,0.904,69.688
7oq30Ybi655pwJpXvU8LsE,0.693,0.338,0,-6.372,0.0345,0.752,0.0,0.583,79.443
3fOytJcDu5uW8OoXSFhBua,0.253,0.831,9,-5.41,0.0456,0.012,6.62e-05,0.657,189.72
24TRTp7M7B2eYgK9kof5je,0.252,0.32,3,-8.69,0.0293,0.797,1.36e-06,0.23,101.535
0kthROvKVawwpvLLJbDAtr,0.564,0.485,8,-2.177,0.0404,0.52,0.0,0.921,82.376
1RNJP2UR28cOToXUnWB8N9,0.693,0.338,0,-6.372,0.0345,0.752,0.0,0.583,79.443
5I8DslpztOwOpwERbGGDTC,0.399,0.75,2,-11.185,0.118,0.00481,0.000483,0.745,197.679
4d3ORkKEIDZF9MOV2erLAq,0.693,0.338,0,-6.372,0.0345,0.752,0.0,0.583,79.443
40L8OVaEpyF7KTRWTNvJGY,0.576,0.682,3,-4.212,0.0369,0.726,0.0,0.919,145.274
1PYCOTJ2g3WJkFsgLlzIEW,0.807,0.714,8,-5.272,0.0502,0.512,0.0,0.966,108.834
0vttfYDZ6uLi6kStSxkTrB,0.671,0.467,0,-7.025,0.0402,0.655,0.0,0.98,107.794
6BK1Z6VNYJjJ1wfwU8wdCr,0.759,0.389,11,-13.917,0.0648,0.00171,0.00175,0.68,136.059
69RBhbgVjnfVzzUvFokYRC,0.698,0.443,3,-9.526,0.0459,0.391,0.0,0.931,136.803
3DjYOn9FGI4ruxzIzZ9BB8,0.665,0.777,10,-2.116,0.0399,0.427,0.0,0.842,174.831
2laJdkltxYwwCJanm7yBnn,0.538,0.825,0,-4.021,0.0478,0.0105,1.43e-05,0.467,125.056
4huBDGP4I3S0pYI0EaRN1c,0.474,0.801,8,-5.978,0.375,0.102,0.0,0.497,147.356
6MdqqkQ8sSC0WB4i8PyRuQ,0.867,0.646,1,-4.674,0.288,0.303,0.0,0.67,88.634
39d9CQbAB6AMLCxcJtSc0U,0.642,0.787,5,-6.389,0.17,0.0185,0.0,0.406,146.733
395WRTyNwMGx80cDXqg6vM,0.521,0.592,9,-9.801,0.134,0.0489,0.0,0.356,129.754
1OfHes9WQdGQSIgNwrqIAw,0.642,0.907,2,-3.26,0.0507,0.00768,6.43e-05,0.357,107.06
7cq2nIdClANqlwH4okuYm3,0.665,0.431,8,-7.119,0.0306,0.416,0.0,0.698,149.935
7F7lizHkjMeo70dYOU3r4x,0.812,0.844,9,-10.206,0.508,0.397,0.0,0.834,77.192
0AVKyOsOy97MW8oKRmFmWP,0.642,0.804,7,-2.133,0.29,0.794,0.0,0.493,150.109
6Ko0LtUSamxOleNdwcM5DL,0.483,0.777,6,-4.28,0.32,0.314,0.0,0.512,124.19
0PCGfA36HrVPmsBZJ57zOU,0.523,0.689,10,-6.58,0.027,0.228,0.0,0.547,84.09
2vGfjY0JLLiBiEFq7zgQjB,0.731,0.255,3,-11.732,0.0375,0.485,0.0,0.564,135.346
4dmgrfGknhKKaozk5U3JXL,0.634,0.704,11,-8.5,0.17,0.647,7.57e-06,0.505,114.751
3Er9Htk9n0ueYRa0o4yIhv,0.7,0.76,7,-6.366,0.0508,0.582,3.12e-05,0.691,109.939
1w68dw4EgQy5aUgpBuZQVj,0.394,0.834,11,-6.658,0.0632,0.142,0.00107,0.834,147.975
4ObGL3b6H7kbe3r7QgaIr9,0.889,0.474,11,-9.017,0.345,0.0304,7.44e-06,0.745,79.976
74o1pFywinH2eEPxbbaLqc,0.583,0.463,7,-11.85,0.0287,0.939,7.08e-05,0.413,132.349
6suU440DRXoxpLNKWf46XJ,0.553,0.732,7,-5.206,0.262,0.622,0.0,0.436,152.59
5c3hK5u7Ffexubtjh02PJW,0.623,0.391,10,-8.548,0.0701,0.0932,0.0,0.93,131.599
1hqiUgSEsjZlpQPZ85I61N,0.724,0.646,11,-4.495,0.0658,0.0977,0.179,0.824,143.674
50KzUnn80DNmBJJPx0Rynn,0.901,0.708,1,-7.171,0.27,0.133,0.0,0.805,90.978
1QVnc9HLOMlAD4KDxNzzOH,0.689,0.719,9,-6.096,0.136,0.382,0.0,0.674,130.0
3eUOVnvVw9ntGUqJmHKF1J,0.615,0.907,7,-9.234,0.042,0.0194,5.59e-05,0.8,168.459
22QdpwlY4mNXPhl2j9RfgD,0.877,0.628,9,-7.541,0.0669,0.504,0.0,0.793,106.087
1w20E6WZTvi5HsKua0NG7M,0.568,0.777,4,-7.147,0.212,0.35,0.0,0.504,170.001
5GaIwab0GIWICCSVzldmUY,0.418,0.8,9,-3.38,0.134,0.255,2.52e-06,0.556,173.341
72ZGT5dwrp7lZ40ums6dHi,0.753,0.656,0,-5.863,0.0759,0.655,0.0,0.819,91.022
3hNyVKzZ1c26umuL3K5WEX,0.665,0.596,4,-3.896,0.0267,0.149,4.84e-05,0.207,115.265
0tlYDlWKenqL5u78jZKh0z,0.773,0.506,9,-4.71,0.0439,0.664,0.0,0.782,137.845
2mNw979gQkL6Z6mCxgCect,0.658,0.477,4,-8.903,0.153,0.569,0.0,0.456,138.559
3vGvMhuNgM3KVuwHEwZWwI,0.233,0.948,3,-4.464,0.209,0.12,0.00261,0.444,146.753
2anDnmAKIauJ4of6K1BoGx,0.578,0.88,9,-5.113,0.0496,0.108,2.9e-06,0.719,175.983
7m62E9JAXqUwJeQz4WjLzv,0.776,0.504,8,-7.193,0.0385,0.727,0.000474,0.963,115.803
6BO1F7s14ZehAecywx99G6,0.582,0.561,9,-7.068,0.0293,0.0687,2.13e-05,0.412,82.969
4R6mLViW3BcHPhwfXQMVXQ,0.763,0.477,0,-5.82,0.0312,0.542,0.0,0.789,120.014
6tvcxZ6rU7nFvpnzYxFCt0,0.651,0.639,9,-6.692,0.0428,0.0485,0.0078,0.606,110.86
2KWCHX9hCadTNbUhLWvDDq,0.607,0.704,8,-6.567,0.0488,0.101,0.0,0.897,162.944
2KKYlJFyJ8Ozxj7FABxKEg,0.678,0.616,2,-6.723,0.0441,0.752,0.000231,0.689,105.831
2wmofaCfAaF9hdjEXmdfTO,0.504,0.969,1,-5.439,0.11,0.000395,0.154,0.389,131.367
4iFECwt9g4TzMpX304uqWy,0.386,0.384,10,-12.716,0.0426,0.679,0.0,0.791,146.387
7l9cCg3EBqVfBikbc21Kb0,0.555,0.213,8,-9.262,0.0449,0.939,5.33e-05,0.498,125.126
4NiNF2TgroCObAR1iYX1MR,0.699,0.434,7,-9.4,0.0325,0.555,3.48e-06,0.977,104.956
2OEmtRXH5FL5foKlwoIZYU,0.578,0.182,8,-10.424,0.0444,0.825,5e-06,0.477,127.363
5SQIEHNedYoJqOAB9x2DDF,0.578,0.182,8,-10.424,0.0444,0.825,5e-06,0.477,127.363
1OPoUUFSLgXXsFcjP1SRIS,0.578,0.182,8,-10.424,0.0444,0.825,5e-06,0.477,127.363
1qtOncyVGwrltAsTWFuW6m,0.578,0.182,8,-10.424,0.0444,0.825,5e-06,0.477,127.363
3SqWXTR40ETna3e4EHYTHq,0.578,0.182,8,-10.424,0.0444,0.825,5e-06,0.477,127.363
5p9IGH0xpbhJI9d8YWJe47,0.772,0.81,0,-7.602,0.0322,0.687,2.42e-06,0.971,119.883
2ebiTufOHJ3fZZTI43NwKX,0.224,0.802,7,-10.58,0.102,0.00831,0.00217,0.338,202.869
6IzjGEM0s8Q3avi1DHc5Fc,0.668,0.63,4,-6.368,0.041,0.256,0.0267,0.904,143.041
6F1VmuzOgcOxaj4idJKU9i,0.745,0.69,7,-8.903,0.0355,0.396,0.00213,0.964,106.149
7eqNATKM78MkWP6aHGXHEV,0.549,0.433,7,-8.526,0.0327,0.906,0.0108,0.486,116.068
5pmvv42h1bcK3frE8CEblt,0.88,0.575,6,-6.091,0.163,0.415,0.0,0.671,120.031
69CbgcOl13AiZs2CbTuBi6,0.584,0.337,7,-8.116,0.0441,0.866,0.0,0.545,117.127
2bVvjh7n3w1TGTHNHZ6aNE,0.622,0.33,8,-6.492,0.0291,0.464,0.0,0.376,122.87
7qOUyZN0hKd9f1a4f2TWCD,0.703,0.347,2,-10.079,0.0552,0.593,1.54e-06,0.385,127.897
3uAKAp3BP77vaFjIwolelZ,0.489,0.612,2,-5.58,0.0262,0.51,0.0,0.384,159.998
7cP99Dd9VNjDpr4yYIRGK9,0.67,0.652,5,-7.765,0.191,0.112,0.0,0.861,87.961
50khO0Eyt5WqIN8D51ieJn,0.614,0.394,5,-11.954,0.0447,0.307,0.0,0.296,139.952
5XRmtOOr6puIuXtIjstCu1,0.532,0.639,1,-8.823,0.0418,0.151,0.0,0.357,137.971
6DcxN9jzax8WgSl39XtTfx,0.68,0.585,3,-5.989,0.331,0.168,0.0,0.541,78.078
1DYzTTaSD8KsmzedIuZTO7,0.494,0.691,9,-7.233,0.0368,0.0599,0.00633,0.722,111.175
7HttMaN4xcGBLhFRHb0DVS,0.299,0.686,7,-7.058,0.0417,0.0132,0.0,0.366,145.971
3txHZTpGeVASXa5ARwoRX6,0.571,0.924,9,-4.727,0.197,0.179,4.07e-06,0.5,121.056
1SjK3fJFkEGuvGpwFvg3y9,0.618,0.661,5,-8.097,0.0356,0.0621,5.15e-06,0.614,143.129
354j6LPNLlWsKvQJQuye0X,0.673,0.846,7,-7.918,0.145,0.199,0.0,0.772,148.118
3GOkkTrUcv0ICSznFW2B8J,0.516,0.471,2,-10.508,0.0299,0.595,4.28e-06,0.361,128.183
5psIcronqyDyYWBVFNSyVh,0.68,0.735,5,-7.939,0.0277,0.0597,0.214,0.881,133.289
4PQiUuOW2rPkVnIOkS5DpZ,0.616,0.714,7,-3.965,0.311,0.243,0.0,0.695,176.192
6P3phrVqOebNtYo1uEyRJY,0.649,0.613,1,-6.698,0.0321,0.423,0.000754,0.679,121.437
6usuEveqwUGH07BI7AWM7f,0.568,0.7,10,-5.724,0.0669,0.164,0.00546,0.971,129.505
0ht7BrhjJHyxIc88BFO42I,0.508,0.573,9,-8.229,0.0565,0.784,2.4e-05,0.409,72.59
5kNCog1amNsI8z2iD5634p,0.55,0.729,2,-13.779,0.148,0.089,0.0,0.344,113.295
1UYZWCuMG9N2do5ZnvWh9x,0.588,0.507,6,-6.357,0.0259,0.702,0.0,0.236,104.012
4TA9yhZiAMGHISseJM0YE6,0.796,0.517,9,-8.032,0.0793,0.494,0.0,0.803,127.986
4l4wZSPLrRwtIsvlq5JlG1,0.718,0.498,8,-7.171,0.031,0.286,0.000326,0.767,138.111
2rIGJgLcBbI7EvHc0vHpHQ,0.519,0.566,10,-6.381,0.0293,0.465,0.0,0.463,105.877
6qfdGgNDYcsVdG7RimLhFk,0.725,0.607,0,-7.486,0.0456,0.0671,1e-06,0.57,129.971
7I7s5Nl6C8pxsCOWJBxWxW,0.755,0.957,10,-5.201,0.0657,0.0655,0.00143,0.793,103.892
41JHlHuIFyOSSRYVCsYrKZ,0.525,0.694,4,-7.208,0.0372,0.0474,0.0,0.42,136.627
68PKooWU2loIpacafTogOq,0.769,0.527,3,-3.79,0.0436,0.429,0.0,0.958,125.967
5QsnmWcvIsIAJcONcg0l8W,0.584,0.542,7,-8.008,0.0262,0.228,0.000107,0.5,136.182
2lMiPTcmvli4i8NfHIB4UO,0.632,0.595,2,-9.555,0.0335,0.366,1.6e-06,0.368,108.002
7KUjWJJiYjasHOlNdnYd55,0.559,0.489,1,-10.156,0.0376,0.0592,0.0129,0.178,105.719
62GHlwr1hoj9l1UAMb4zbV,0.617,0.672,5,-7.817,0.0302,0.0855,0.000125,0.931,135.518
6PCZz5q0rnEPKRbyag6ZFT,0.445,0.744,10,-5.222,0.0326,0.242,0.0,0.494,168.273
3aTJREDBpFWYhR5m4i48jO,0.67,0.586,4,-8.108,0.0457,0.279,1.29e-05,0.611,145.911
5abYgNnFHZpsSOBHaQPsln,0.562,0.822,9,-6.774,0.0298,0.487,8.94e-05,0.539,99.269
682S7vnOE3jsTqYipcIl34,0.685,0.928,7,-4.968,0.0471,0.0901,0.000125,0.882,112.993
1N5UtZKFtYssbDet5eZAeB,0.284,0.375,7,-9.326,0.027,0.409,8.94e-05,0.217,104.96
04xx02ccYlu2iiEjMKEKm2,0.644,0.393,0,-9.128,0.034,0.499,3.62e-05,0.964,90.057
1ZcvdGsORCJlk0H1hwgAFt,0.454,0.87,10,-5.358,0.0387,0.000226,0.000232,0.4,146.878
5TpYmSOWMmtYLRXdOLdLaW,0.38,0.552,7,-8.545,0.213,0.374,0.0,0.647,82.935
1D3J1dvlS60ZX3YbNJe9J6,0.737,0.447,0,-4.751,0.0397,0.754,0.000422,0.963,148.15
0LbLIVrkbaPMeE4XHNgNpU,0.475,0.426,10,-7.614,0.0926,0.883,2.24e-06,0.967,173.249
2ZMW1mtSrdiaDe8lI9YLnZ,0.609,0.63,4,-10.791,0.175,0.762,0.0,0.934,174.253
0VaMFkBz3QsRAuaek4jYR5,0.708,0.809,10,-4.129,0.0611,0.178,1.62e-06,0.625,134.053
5YfYbZ4bgXC7iBzeVCR8qI,0.689,0.863,6,-5.342,0.0319,0.0636,0.00267,0.89,104.893
20WRrWYgSULYXFtxBcazwU,0.832,0.711,3,-6.108,0.0552,0.519,5.24e-06,0.895,93.104
0imVQmXZyESypKfQM4QNzX,0.698,0.661,10,-2.667,0.0402,0.608,0.000393,0.784,93.011
6HzwkpPOXBCRrkCMd99BRS,0.764,0.541,3,-9.738,0.036,0.111,1.92e-05,0.825,100.479
3TjliM0xQ3fkza0RpINRrq,0.746,0.691,4,-7.533,0.0403,0.184,0.0259,0.888,119.982
2nGFzvICaeEWjIrBrL2RAx,0.739,0.511,9,-7.844,0.0362,0.167,1.34e-06,0.542,96.038
29yVwAhJ5G9lVwiAYzPOi3,0.658,0.881,0,-5.03,0.0459,0.188,0.0,0.875,84.966
7jmHyHMEqm9MJWiMAneF05,0.632,0.232,9,-12.326,0.0318,0.428,4.95e-06,0.673,119.136
3EhlNAbbkqbNdzXWJUaKbT,0.443,0.685,9,-6.139,0.0312,0.35,6.24e-06,0.646,178.935
5lQsiPTAl0XIYiq1snPNpZ,0.737,0.522,6,-9.205,0.0485,0.0772,0.00347,0.768,86.985
5qDsijQM75KTdv3RtSPx91,0.691,0.602,9,-6.807,0.209,0.123,0.0,0.685,151.987
48KgRMAaYReGuflL8bt6Za,0.57,0.409,5,-7.555,0.0331,0.345,0.000188,0.304,137.8
2EL6VBbIx8xmGQVRSnQYpY,0.714,0.243,0,-13.513,0.0478,0.646,0.212,0.504,125.834
6uYbQddo853t9TIIVlW1ws,0.472,0.717,4,-8.939,0.0691,0.373,0.0,0.346,103.563
2Pe2uda2pqu1CyK3RqtOAW,0.57,0.409,5,-7.555,0.0331,0.345,0.000188,0.304,137.8
5z67UwAsoj82teXC8Im1RI,0.707,0.409,9,-8.68,0.0348,0.484,6.09e-06,0.428,134.021
3myP5D9V78ayZyEb7cUGRw,0.654,0.707,9,-5.103,0.0326,0.263,0.0,0.7,126.038
4aZ3Q0c3BJtj59wHXZAk8e,0.696,0.553,9,-12.287,0.0323,0.623,0.0343,0.459,127.934
3nXpdeDQLOwjglCMRuARDa,0.737,0.522,6,-9.205,0.0485,0.0772,0.00347,0.768,86.985
1p0zhSeqMMEHcXt1R3dlLE,0.474,0.325,4,-6.427,0.0515,0.841,0.0,0.381,112.241
3rg66y9pEcPk9q6yodMp3M,0.519,0.286,2,-7.402,0.0556,0.962,0.000639,0.352,117.678
4TOY0nJD6T0xhTT7l9W9xC,0.485,0.659,0,-10.508,0.0321,0.0133,0.000195,0.66,164.841
1JczdSFlmmfMBkahVYONyW,0.483,0.329,9,-7.407,0.0504,0.956,0.0,0.312,128.454
0BgSIWlf1zulLvRyNtjCtg,0.726,0.73,10,-7.221,0.146,0.0855,0.0,0.782,92.978
6G0vQhQUP8jUzAkGZ2PXRH,0.737,0.522,6,-9.205,0.0485,0.0772,0.00347,0.768,86.985
31H6au3jhblhr6MMJiXnCq,0.712,0.549,5,-9.484,0.0254,0.011,0.0,0.552,109.882
4gS4KNWCPUdNWWkn69B52Q,0.576,0.498,4,-10.775,0.0542,0.492,8.86e-06,0.788,172.187
4V1MFUToEN7zm41vYdmWvo,0.533,0.699,9,-6.661,0.053,0.655,1.49e-06,0.345,88.009
1D2Iygsy0wXVAZaM1W8ds4,0.517,0.349,2,-11.527,0.0356,0.818,1.04e-06,0.142,134.058
621ULqVzOVNajx6uO4IjiE,0.724,0.831,1,-5.69,0.0284,0.0253,0.000839,0.942,120.057
2aaClnypAakdAmLw74JXxB,0.371,0.961,9,-6.765,0.0931,1.52e-05,0.0548,0.159,115.336
5toSzfFqh7gfTLGWW3Z8Zv,0.626,0.493,2,-14.668,0.0454,0.366,0.000137,0.831,135.481
5zPrkIBCahGDjwbpNnSImg,0.625,0.928,11,-5.707,0.0817,0.188,0.0,0.56,89.896
5S0yacsFpFnsZH2Kh4r4Zu,0.514,0.495,11,-6.806,0.0333,0.724,0.0,0.756,110.839
7gUgDucWxwsrnNGN43MZcu,0.619,0.754,5,-6.509,0.0303,0.106,6.8e-05,0.629,132.975
4Yr6wkOQPOOEpiGdGI34cl,0.706,0.785,4,-4.173,0.0385,0.000139,0.0506,0.893,123.029
4ewcgtlObYccblWuAxMUqz,0.539,0.838,10,-5.563,0.0525,0.0831,0.000227,0.343,133.437
57uVLvxN3mK6k5oVLIngBq,0.783,0.834,11,-9.728,0.0382,0.00215,0.0401,0.971,136.776
7jZohYbYAs1Pdl3i2u2c4J,0.631,0.647,2,-6.433,0.0418,0.0316,0.0079,0.762,164.191
5CkhGGuCO3r8Tv9dqYM2af,0.57,0.675,0,-9.001,0.0278,0.000223,5.13e-05,0.476,116.923
4WxB3DitRDB6LUaofMZXOj,0.299,0.926,11,-6.13,0.0994,0.000442,0.116,0.531,206.641
498lVXBqGg7t1GIVAAlhG9,0.822,0.689,9,-6.364,0.0408,0.195,0.0036,0.76,95.382
5PJ8TxMAXO0BR5fBJc3OX7,0.53,0.682,2,-7.311,0.0372,0.156,4.17e-05,0.307,138.231
66073TiPtbCattnpSkyuKq,0.815,0.601,6,-6.359,0.246,0.457,3.99e-06,0.558,86.018
4WJTKbNJQ41zXnb84jSWaj,0.435,0.874,0,-6.664,0.123,0.000337,0.0419,0.265,120.167
2nrqCvsHTendQmjtTB1SxS,0.584,0.922,7,-5.513,0.0422,0.0216,0.0015,0.76,142.05
0WrxJn5wWUgU9U2gY0khWf,0.754,0.874,9,-5.847,0.047,0.144,6.15e-05,0.682,114.445
6RPujWkce7CnkisE9Xpppp,0.595,0.729,5,-7.017,0.0305,0.34,0.0,0.829,113.182
5V7c3vhgVN0VXJrRfAAcp8,0.292,0.98,4,-5.588,0.225,0.000502,0.00126,0.517,167.889
02j3P5NLtFH34LVPLHLk5s,0.74,0.642,2,-5.887,0.11,0.489,2.94e-06,0.925,167.975
2RWApboy1wKHMeLD6KlFI9,0.608,0.447,6,-12.151,0.0663,0.335,3.51e-05,0.673,90.777
3oUei2Bw7DZUaTo55Rsz6q,0.683,0.498,0,-12.177,0.0387,0.633,0.000849,0.9,147.837
4aUsqDkhFNG0IADV9SkaSY,0.539,0.37,10,-11.268,0.0307,0.817,0.0,0.478,115.782
3idqrJWsonNKPOvCbwSW6f,0.821,0.481,3,-6.777,0.0317,0.383,0.00136,0.96,112.057
3l3xTXsUXeWlkPqzMs7mPD,0.64,0.427,5,-9.29,0.0241,0.0664,0.0,0.529,149.703
52HAHV1j93s5B8GoTNI7DJ,0.609,0.584,9,-9.734,0.0353,0.725,0.0,0.954,127.306
2ln8TMs7T1zEctVoifIXjj,0.519,0.685,9,-7.171,0.0955,0.373,0.0,0.745,115.929
1wNdGz7BlB9kH5lDc1eLLb,0.732,0.672,10,-8.462,0.148,0.0642,0.0,0.16,137.03
25GyyK9CyZRiDCsPY51fIT,0.545,0.82,8,-4.489,0.275,0.0951,0.0,0.357,141.908
5ieBgO4gfBMpZrtJ8Iat7R,0.483,0.14,2,-12.351,0.0838,0.883,0.0,0.5,73.991
1HUXo7tsJsoaxstbUl6wBy,0.573,0.513,2,-8.565,0.0464,0.359,2.25e-05,0.115,89.976
2MlMI8EvmLlWYXVcdfSAxs,0.46,0.898,5,-4.922,0.0412,0.0112,0.00108,0.746,92.148
33Y1jukFR76pj7TXFTHQBJ,0.405,0.76,5,-4.283,0.0332,0.0985,0.0,0.181,79.911
7lNcGFFAqu5CLB1MU7jbST,0.649,0.748,6,-7.203,0.313,0.661,0.0,0.833,82.834
584A0PrNqDNS5pMmCaCgOm,0.626,0.702,7,-8.525,0.0279,0.00274,0.000166,0.6,139.506
5kxMnTTT1CMmE4VFxitybl,0.709,0.727,1,-8.918,0.211,0.41,0.00554,0.794,74.967
3m2FNr5FlOyf94Slpae7vy,0.716,0.494,4,-14.118,0.0288,0.62,1.28e-05,0.805,129.864
5iSlAizREe6tmItzcUNsko,0.399,0.738,5,-6.158,0.14,0.701,0.0,0.262,90.044
0c8GzzMZ2ua7ybYhZvp9wX,0.774,0.842,6,-6.424,0.0824,0.142,0.0,0.798,110.412
4UWDiBISWABN9nPmEJgG1I,0.505,0.786,2,-12.09,0.0561,0.419,0.0,0.811,152.407
679WNDJNeWz3tvO4ffrDqA,0.594,0.958,10,-5.51,0.058,0.107,0.00306,0.548,102.308
1EE5SUPzv0K9sgIOSgaiNv,0.592,0.892,10,-6.205,0.0474,0.154,0.00376,0.616,105.699
0Q24mg3fSrFI12AIqF43JL,0.581,0.731,7,-5.189,0.0289,0.192,0.0,0.579,127.582
6tisytwaOaBA4CAZPPdlFP,0.38,0.548,0,-9.26,0.0333,0.73,0.000142,0.395,152.498
7ed2Ed5z0vMM4bqnZpWKK6,0.736,0.665,0,-6.427,0.0487,0.0466,0.0,0.563,94.981
1k5HnfVKalxb8lt0RJ5xka,0.663,0.507,0,-4.684,0.0718,0.595,0.0,0.965,156.836
6BXz5aIbAqHT75w5z3hG3u,0.704,0.404,2,-8.877,0.0464,0.322,4.69e-05,0.378,87.919
5Bo0ayLXkp6ttsjCWJvOHJ,0.606,0.921,1,-3.111,0.0299,0.0479,0.0,0.681,125.073
2bzOiMxPh7D8KAiWR9e41a,0.676,0.832,9,-5.628,0.0357,0.14,7.5e-05,0.83,137.87
0xaKeBp5xP2o0fsPr9iDDH,0.41,0.626,9,-13.01,0.0316,0.0055,0.000106,0.594,78.895
1ONnn6GrKQoGuHUYQ3eTyv,0.659,0.934,6,-5.97,0.0449,0.303,0.0017,0.844,135.341
0PnOZo90GANTX2gFRiqUn7,0.551,0.529,1,-8.839,0.0729,0.641,9.17e-06,0.886,137.885
6bzWr3EpSEolVwlbLk58il,0.218,0.932,9,-6.803,0.098,0.0155,0.0246,0.315,167.718
6wyrC6ockDrREoAxiV0qm7,0.843,0.628,10,-2.738,0.0408,0.601,0.0,0.974,115.041
6DCDSMe7pvGeK5J9a9OoIo,0.637,0.892,11,-5.284,0.0809,0.00464,0.0,0.845,130.01
1nq949J6RDPrlBkTXrhqnx,0.581,0.731,7,-5.189,0.0289,0.192,0.0,0.579,127.58
6NthJCbsfFFrTK2OYZTRCp,0.368,0.886,7,-6.938,0.0463,0.00588,0.000264,0.656,169.132
6oVb4W2lN3MxElztZx6mCj,0.74,0.782,7,-8.793,0.0286,0.691,0.000127,0.934,125.012
1MUSDyEOKOeVLV9Xdfgntr,0.55,0.885,11,-1.983,0.0372,0.0418,0.0275,0.735,126.367
0AzFuoLpUvehCep7QZNLzj,0.436,0.786,7,-6.569,0.0447,0.0684,5.66e-06,0.251,184.786
0Dsj4OiiWw4WkgbAkQaMY1,0.766,0.555,4,-11.37,0.0342,0.491,0.0,0.806,120.062
076sWQZiNFZq605udzIw8N,0.406,0.842,5,-2.897,0.0661,0.464,0.0487,0.799,166.499
6zDxgOmXuDG5AFQYQGb6XF,0.574,0.902,9,-7.912,0.0319,0.104,1.48e-05,0.936,146.262
07fmj8lM9DRK3XpSQ9yDU2,0.795,0.513,0,-4.463,0.0363,0.493,0.0,0.967,95.972
7qubRAWtXlhLkrHPRyLhjj,0.71,0.451,9,-8.217,0.133,0.137,9.85e-05,0.481,156.032
1Sdq78nETKvbdZazIfx70O,0.838,0.496,4,-9.59,0.0624,0.239,4.83e-06,0.679,148.132
0TsaZiBZQrnRv7evhnSNd5,0.765,0.428,0,-8.008,0.0273,0.709,3.46e-05,0.638,97.3
5kX2eRxwNj8DNa5eonHZ1D,0.886,0.415,7,-9.652,0.0537,0.339,2.14e-05,0.421,105.004
77WQrnphsSnSxyQElfqvbg,0.742,0.569,7,-4.894,0.0624,0.68,0.0,0.965,175.802
7rDQqna9nGhRGJWsF4Vc5p,0.525,0.58,7,-6.015,0.0301,0.386,0.0,0.29,79.07
6n1vYUIisGSlawZTVgy2Po,0.52,0.933,6,-5.2,0.0357,0.0159,0.0195,0.536,99.998
4hFjUsE7zmtCk8SFUtm6VQ,0.57,0.532,0,-7.336,0.0666,0.476,0.000633,0.886,96.705
0a4V1n4LCfQJAAjLtiGISW,0.74,0.639,10,-5.276,0.036,0.555,0.0,0.975,126.002
51FpZbIYAtkWtbFzZVLxUk,0.751,0.444,4,-8.63,0.0403,0.12,3.53e-06,0.849,111.917
0Q2YGyMeeZMAvzebtxoQ5f,0.713,0.868,0,-6.644,0.0305,0.00206,9.23e-05,0.641,119.98
0SsYlkXxZ5vkWOTsKxMfMz,0.404,0.193,11,-12.501,0.0305,0.794,0.000296,0.273,77.026
2NVXBBbO4xGO851zrMfCFi,0.886,0.434,11,-12.106,0.403,0.101,1.22e-06,0.785,147.995
6A4hgJdwriera4WSUl4moW,0.801,0.533,3,-6.198,0.222,0.707,4.28e-05,0.626,121.959
3feHro11zldHX6lVbJkkfd,0.463,0.756,0,-7.755,0.059,0.239,0.0,0.549,146.952
2AlYncTpVHKwHb55F9lF6O,0.868,0.479,4,-6.687,0.445,0.703,0.0,0.776,133.928
74CkeJ0vYYTdQImnaLy759,0.693,0.864,4,-4.17,0.0483,0.278,0.0388,0.142,149.998
33Yl7zo5qhJXgvO4VsAQTs,0.424,0.056,4,-20.06,0.0517,0.898,0.000105,0.17,104.472
1tfZtA15BfJHQTUy3dqTKC,0.64,0.664,0,-4.73,0.0289,0.196,0.0,0.879,134.002
6q6zmOARk8moaflhyCfso5,0.599,0.461,5,-9.47,0.0424,0.584,0.00891,0.0954,103.102
0lCfJ4xyNBbvd7PV6kzA1s,0.657,0.495,6,-9.73,0.041,0.403,0.0,0.308,107.105
1yjoYVyZPEg4KFigY56ExT,0.533,0.739,0,-6.395,0.0341,0.00107,0.0,0.518,126.903
5r0x87jwTbkVjA3FQNOykz,0.576,0.399,11,-12.865,0.0354,0.584,1.26e-05,0.405,91.997
23GR9nkuwM0at7aJmHhBrg,0.806,0.518,1,-8.622,0.0825,0.297,0.0,0.21,120.011
0UQor28BlM3xdKQGAwPPyP,0.73,0.467,6,-10.498,0.0277,0.596,0.0,0.641,110.131
0mW4qfi2vus7qErr9jAeFJ,0.789,0.899,6,-6.363,0.138,0.125,0.0,0.847,97.999
76geM1DVJlXjlXZtmkEjPN,0.538,0.789,6,-5.7,0.0829,0.558,0.0,0.458,167.976
60JUAZcxvMmtkaRsjz73X8,0.39,0.846,0,-4.603,0.044,0.00806,1.41e-05,0.697,159.742
03YuyrltrfOOtysn0HBvax,0.77,0.786,6,-3.516,0.0553,0.0322,0.000664,0.969,153.8
1kJ6btG5HwSI1S2sBUvUvI,0.418,0.394,11,-8.341,0.0332,0.85,0.0,0.447,119.466
418OrMDXzoHxieAIKD4tBO,0.43,0.776,2,-5.563,0.0412,0.137,0.00046,0.491,105.076
2WjLc16JdLH2V6FMk8VFsZ,0.666,0.875,9,-5.95,0.0289,0.288,0.0,0.688,133.897
2NrSTMKBB6X4cMk7AUmpLA,0.653,0.595,9,-7.336,0.0255,0.686,0.0,0.307,111.957
6RJ1V6qO8J8Spxo5jsC4wO,0.555,0.921,10,-5.541,0.104,0.253,3.31e-06,0.814,177.986
57T6t8FXI1qU5ObBTNiXuy,0.704,0.387,2,-10.004,0.0277,0.862,0.0435,0.794,107.56
0YDQpShCechcqniNUwj05e,0.628,0.735,7,-6.782,0.026,0.107,0.118,0.683,140.477
4nR3XZ882HTOmXkRPbrgzA,0.556,0.515,2,-13.122,0.0268,0.0758,0.000702,0.527,97.143
0sL3zN9Gce1Xsq1ypFh1zF,0.619,0.656,11,-7.574,0.0279,0.414,0.0,0.358,125.035
4s7Me2OrjR7tIeeiWmZnK5,0.617,0.672,5,-7.817,0.0302,0.0855,0.000125,0.931,135.518
5jlWc3WmSTZ73RNmCqCQP3,0.37,0.467,0,-6.983,0.0334,0.3,0.0,0.811,180.611
7yLysy4GtqecVYpC773q7g,0.602,0.638,7,-7.761,0.0372,0.217,0.015,0.52,171.512
63QharyMHvx3yteCyRnkii,0.61,0.945,5,-2.904,0.0596,0.084,3.48e-05,0.729,140.015
5lNsWVHFmthAxTw3IwetrD,0.566,0.518,2,-6.892,0.042,0.779,4.5e-06,0.923,155.711
7asucfVh7xocyQ5b4ay1nR,0.509,0.674,6,-7.379,0.0383,0.253,0.0,0.159,75.066
4tjXsHj3H4RYPd0vGHmACg,0.675,0.313,3,-14.826,0.277,0.748,0.000233,0.978,135.643
6AiSx2D70Z5aFCHXWM1by7,0.4,0.521,0,-8.986,0.0404,0.657,9.2e-05,0.639,174.086
7yaAq7FKFtjrndst1JTNoA,0.587,0.441,2,-15.197,0.0376,0.45,0.0,0.815,144.821
2sEp03fW8xsi3G6mln9GJo,0.512,0.803,11,-5.401,0.034,0.000153,0.0,0.613,76.02
6Uc1DKzdj0Xy3cF3GxXib6,0.505,0.447,3,-5.647,0.0547,0.558,0.0,0.678,169.99
68Lpc1gRqriMhm88ywfjB8,0.757,0.924,11,-3.96,0.031,0.00529,0.00308,0.725,113.979
3TAxLyCtWcLqPBVE1rtj6k,0.674,0.437,0,-14.639,0.0297,0.414,0.0996,0.844,117.738
4GYgRE5xx0GrBOiUdz6HTq,0.567,0.484,1,-8.201,0.0397,0.805,0.0,0.843,80.557
4KzSlU2JAYba5hhpIkkfGo,0.703,0.391,9,-9.321,0.0448,0.267,6.57e-06,0.455,144.073
5upbYedO0GhVf7wOMcj2Lk,0.655,0.512,11,-7.429,0.188,0.0506,0.000177,0.539,160.101
4jLVOcizOi34FZryboYa9R,0.442,0.885,4,-5.843,0.0816,0.081,0.0,0.268,129.421
5Y3zAn140bNDc1IZZBDc4l,0.635,0.565,7,-5.223,0.0569,0.667,0.0,0.923,146.095
3i6xeml3q8eD0LT3dOy3VQ,0.704,0.465,8,-8.926,0.113,0.48,1.07e-06,0.903,101.403
50ryecGe7GwSIICiReKbP1,0.441,0.635,9,-8.318,0.0385,0.109,0.0,0.479,121.745
6ZUtg3ihWxuWGFVrEaPzRd,0.656,0.618,5,-8.776,0.0493,0.392,2.92e-06,0.953,96.041
7xOCvDwHnRvSdLtPKbROSf,0.633,0.57,6,-5.668,0.0269,0.219,1.39e-05,0.469,101.889
7caj6X6NMX3tlhWnu1du6V,0.684,0.247,5,-13.71,0.0281,0.872,0.000166,0.768,106.522
4w7lBzX0EcDuy8tQLQvjC2,0.855,0.478,1,-8.698,0.107,0.0684,0.0,0.355,135.987
4pq5g8DHg6lX7gDqu4OGlg,0.615,0.699,4,-5.5,0.063,0.688,0.0,0.464,167.993
3Ddny34bFoYBb8dIGq5lwp,0.565,0.569,6,-6.084,0.379,0.0352,8.81e-06,0.303,92.466
6MTd61g9zq6CB1FnJydjEb,0.757,0.725,2,-7.259,0.0275,0.399,0.0,0.965,122.439
7KFV09JUeoWlKei8kpy530,0.74,0.799,4,-5.656,0.2,0.246,0.0,0.874,82.508
7sJ0VFD8RTibWzn8oBUhzW,0.579,0.731,7,-7.382,0.26,0.364,0.0,0.5,95.273
1VQHF03BhuF6MdeGe0uz6P,0.866,0.559,8,-7.387,0.0409,0.737,0.00711,0.82,120.016
55zqxtL3MyLjdQxygk02i9,0.755,0.68,1,-8.543,0.274,0.00835,1.55e-06,0.49,149.96
1nS8PR4EyWI6rLiCfAGlT6,0.55,0.214,0,-14.945,0.0308,0.662,0.000229,0.0752,120.407
2XK1S04Sdb2XNq4OtH6Xtl,0.748,0.728,5,-6.18,0.156,0.382,0.0,0.635,100.049
0EQc8pPwPTXxcXPzDjjmEq,0.332,0.148,7,-12.819,0.0318,0.815,0.0,0.249,98.448
2VQ66m1O2NELSZ5d5a4aMQ,0.834,0.759,8,0.681,0.0432,0.508,0.000285,0.972,95.851
5vn0OLU5oirXcxhpV4qcwV,0.742,0.946,2,-3.629,0.0651,0.173,1.48e-06,0.959,142.618
3L6EOy5OG9JetMXAbEJQu9,0.614,0.903,10,-4.878,0.0515,0.265,0.000178,0.653,94.41
249e2fS064cOwvWXm4JU28,0.862,0.633,7,-8.216,0.0753,0.0076,0.000311,0.434,131.985
2HXP76Wr3Cj2MlUQVa80Zi,0.624,0.366,4,-12.763,0.037,0.643,5.38e-05,0.677,135.842
2ddwKpw2SS5tEbREk2UrVt,0.604,0.856,8,-7.143,0.333,0.431,0.0,0.799,164.034
532WuZy5kwDhU8iNUbLKQK,0.571,0.769,1,-4.676,0.0281,0.0528,0.00387,0.919,156.045
4SrO6ntXp141rzHKIpSlYq,0.735,0.493,8,-5.989,0.0283,0.211,0.0,0.882,135.089
3Suli2OnPcXOOH8z2sR2pu,0.534,0.989,8,-4.952,0.117,0.023,0.00913,0.475,119.432
48LSzryqsS0K3oNJKwBtEP,0.644,0.896,1,-5.912,0.104,0.0656,0.000133,0.596,98.087
3vN6KN471yverVBYT19MGA,0.784,0.59,11,-7.355,0.0879,0.0116,0.00174,0.944,144.981
24qot8Zn3CZ88z5ZS2EMds,0.493,0.366,7,-11.803,0.0514,0.788,0.0454,0.53,132.889
6CKlOEq2vAnjQqPP55xh6G,0.468,0.657,7,-5.454,0.0233,0.09,5.65e-05,0.501,97.547
52VgFTD7QmOmAPJZfxnPVK,0.718,0.739,0,-7.585,0.0407,0.0132,0.0,0.906,148.429
52PY3yWCrqfArNo5zHM4Xr,0.302,0.735,4,-8.012,0.116,0.746,0.0,0.583,146.185
2xN6A2Ru5r7gOL8ECeSExi,0.391,0.792,7,-8.774,0.0567,0.388,1.19e-06,0.759,170.481
19grM3ynkKhJReiydldWPD,0.65,0.557,9,-5.458,0.027,0.188,0.0,0.509,130.022
1FGNS493UKaQOSLLy5JBId,0.685,0.131,7,-15.824,0.0298,0.651,0.000536,0.183,109.176
6TI4299mWjx2h9yE7Cikm7,0.708,0.816,9,-8.355,0.0531,0.0294,0.0175,0.749,122.415
7pwevow9OxZGfvoIwnFoFS,0.725,0.766,7,-9.51,0.0908,0.0196,0.0,0.931,87.984
5YkKpbHgr62AmlkLh2pwDc,0.628,0.816,4,-5.393,0.0396,0.437,0.000209,0.625,113.068
2rywMGsAUqyYC5mqCSG46N,0.848,0.4,0,-9.685,0.169,0.26,0.0,0.572,100.032
1iU39tifNECGtzHFRnAliE,0.203,0.876,4,-5.872,0.223,0.000248,0.0,0.365,172.825
0IVliQIAr5Mj7HL15m5tpp,0.636,0.731,1,-12.535,0.0314,0.00946,6.34e-06,0.933,81.421
0T4qQhsrzS2WpLcv1gYEdO,0.503,0.39,5,-10.775,0.0285,0.409,0.000152,0.172,100.19
0bb8X5e0tSxO8in2CSjJGl,0.53,0.304,7,-10.509,0.0342,0.825,0.0182,0.301,90.495
50v8t9bmnwyu9iuMNJIIaG,0.646,0.51,4,-8.703,0.0335,0.514,0.000104,0.455,117.647
01p5s1IbneueexPka3Px3O,0.284,0.937,2,-4.411,0.164,0.00102,0.0,0.288,181.937
7wBB0QYD0AYbhA0Nyjwxqy,0.53,0.304,7,-10.509,0.0342,0.825,0.0182,0.301,90.495
73IwHIEhnAPKV5kDDBk4Dd,0.581,0.69,9,-9.456,0.0362,0.26,0.000425,0.321,88.09
5vfmOrlgCEioLXdDSN1muC,0.377,0.531,7,-6.229,0.0305,0.493,0.0,0.443,89.075
0ohKYbf2MXFdUZoYyPmELT,0.656,0.37,7,-5.971,0.0412,0.907,0.0,0.455,104.349
0jDjl6u73NHr2WhzoeEwQ3,0.55,0.698,4,-6.743,0.0482,0.409,0.00016,0.687,138.254
10F7heFOB5AW5YNQdJPKnq,0.376,0.768,7,-13.587,0.0342,0.00795,0.00435,0.86,174.135
57IEYAALaT6JW2viwqkcZb,0.74,0.605,7,-7.601,0.0513,0.531,0.0,0.973,119.313
5cOUrEO1AZEPbKJRRACkWq,0.486,0.492,3,-5.865,0.0489,0.739,0.0,0.95,109.086
2vCWLIZ7wdJ71KNmpfZWAQ,0.728,0.5,10,-9.436,0.0534,0.76,0.0,0.938,94.078
6RH1tgyOx8OrzPExzCm59Q,0.512,0.562,4,-9.623,0.0332,0.0141,0.0152,0.523,159.211
2ULQtFHTzUK0DqcqWUlXxw,0.712,0.404,5,-7.594,0.12,0.32,0.0,0.548,139.991
5hO76mbTvvaKqpo3EmMb8N,0.683,0.586,10,-7.856,0.358,0.619,0.0,0.725,78.786
4uu7gKd1PffC7QEMcMk0Ro,0.76,0.615,5,-9.36,0.33,0.072,0.0,0.351,148.014
0S5cs4lAkx99tGjoWS4Jtk,0.486,0.231,3,-12.06,0.0354,0.936,0.0,0.303,80.049
7GHf8dQ2wA71wYOuRsQCZP,0.659,0.66,0,-8.337,0.0441,0.627,0.000217,0.672,116.634
19qLXa8L4asWWbHb1ZQbSr,0.657,0.436,4,-9.036,0.0306,0.267,0.000258,0.265,122.0
4jfgUvR8H7QXpVCX87gO1Z,0.77,0.457,2,-9.08,0.0587,0.399,2.81e-05,0.601,97.536
1B7iWaEYug0VqQ3BtyUfve,0.621,0.854,9,-6.706,0.0566,0.151,0.0,0.511,105.975
3ow8EuQfDHGThJ7ALXPgIl,0.59,0.175,0,-17.19,0.0326,0.889,7.69e-05,0.294,85.866
4KWKrzTYu5e7fcYC7nKUun,0.688,0.484,1,-9.254,0.0298,0.646,0.0129,0.447,124.062
3FAuzzj7jM94XjxHmNq8Yr,0.757,0.716,2,-6.86,0.0481,0.41,0.00293,0.658,90.044
5pVARXJMB0vwfgdSifKxHa,0.671,0.534,8,-8.15,0.204,0.103,0.0,0.418,84.977
1I5srDBzbbQVUeDErIZXWa,0.385,0.806,1,-8.967,0.0398,0.237,0.00566,0.693,106.628
4AJSezeHRUJsQGlnhSQDUM,0.506,0.793,5,-7.115,0.154,0.498,3.16e-05,0.429,98.582
505rTU8E2KdQEhzJKyuOaE,0.741,0.894,1,-7.648,0.0955,0.33,0.000149,0.964,175.132
6I7GpxOjlDzO1Iur14FEfy,0.533,0.701,4,-14.954,0.112,0.0868,0.0213,0.912,181.372
6ijPGzgs3jqHokPhkhPpMh,0.678,0.586,7,-6.526,0.0448,0.155,0.0,0.676,78.949
2DqSv7RDFWeIVUmmBpYaBc,0.657,0.754,9,-5.595,0.13,0.146,0.0,0.252,126.894
7KRBTvR93d6uh11lTiVgg3,0.543,0.854,6,-8.66,0.0418,0.039,0.142,0.424,115.129
0ZPl9nB62OHQNMdLphpyps,0.657,0.949,8,-3.144,0.0976,0.00851,1.01e-06,0.921,77.55
2C0mxR6xHnBjfVRM8iYxUH,0.586,0.545,2,-8.649,0.0283,0.638,1.19e-06,0.5,111.191
0krrJiog8dCs2JhQxASxFu,0.673,0.644,4,-7.909,0.0446,0.701,1.11e-06,0.9,93.389
1zVNEyeeH2jboWGstEsGT6,0.606,0.706,2,-5.601,0.0288,0.00323,2.18e-05,0.687,129.964
5z00b6yYj7hKiE2MCVgeZM,0.618,0.655,0,-6.926,0.0484,0.247,0.0254,0.793,152.006
68liqwYAr7W5EtDaHgCi9N,0.687,0.327,10,-7.459,0.039,0.516,0.0,0.793,80.019
3Woeg6S8vTWmrusakmgoPz,0.639,0.347,5,-13.023,0.0238,0.075,0.0107,0.126,89.998
7x4bh40tbYvpN5Gp7fMyts,0.457,0.911,0,-6.373,0.0782,0.14,0.000228,0.669,173.135
1PrFUanL592dZNqwmZmqm6,0.712,0.561,2,-8.876,0.0263,0.794,0.0178,0.672,112.028
59tBqJGkzbe0pz99EU6MIw,0.462,0.55,2,-8.477,0.125,0.747,0.0,0.632,80.663
10Yob1C4unUkR7kYChPAJs,0.515,0.576,0,-13.707,0.0292,0.0175,3.28e-06,0.68,141.031
1FqO0g7Qzy9XhSvSJDVHLw,0.644,0.525,10,-2.972,0.0321,0.403,0.0,0.885,138.849
3vNirK8TosxVKYeZoXpIxv,0.543,0.941,1,-4.036,0.0418,0.0184,0.0,0.752,145.135
1TeCAcxi2v5dHeSdDramNC,0.61,0.687,9,-9.138,0.0353,0.439,1.46e-06,0.555,102.912
01ACdIbLskndpj7q5pMfh4,0.53,0.304,7,-10.509,0.0342,0.825,0.0182,0.301,90.495
2irOqljUpmxU16GCq8mZ6U,0.808,0.456,3,-10.971,0.0586,0.268,8.52e-05,0.872,102.645
1qPFGkwdwplbztV3KEJ6Xh,0.377,0.362,7,-7.255,0.0354,0.686,2.92e-05,0.262,180.991
7huPZuYrinI8IETL1ihSq4,0.377,0.362,7,-7.255,0.0354,0.686,2.92e-05,0.262,180.991
5Nc2SsX7qFymhcA6dStJdQ,0.53,0.304,7,-10.509,0.0342,0.825,0.0182,0.301,90.495
2zlPODWNfA81BUtBzdggA9,0.63,0.759,5,-7.991,0.0362,0.206,0.000119,0.725,114.469
4j88zPsDSuGJR5W5n8AKEQ,0.53,0.304,7,-10.509,0.0342,0.825,0.0182,0.301,90.495
7u8PuIB3TlRPFxSepjvVYR,0.646,0.282,7,-9.948,0.0403,0.911,2.2e-06,0.472,103.907
0J4r8Vmq34tTWw0g0wanKP,0.48,0.976,2,-3.24,0.0552,0.0224,0.0,0.941,165.812
2ThbhSqcxWoptGa0D33L0K,0.728,0.333,10,-11.611,0.0387,0.462,0.0,0.966,102.568
2ddqucsZ04B82NxZcXPVsw,0.667,0.724,7,-4.406,0.0264,0.177,5.9e-06,0.647,103.715
5OQGBfftOwNNCurN60x8SC,0.696,0.617,2,-1.713,0.0286,0.196,0.0,0.524,95.032
5xmO5SbFOiVrRGrMQhL4Jk,0.608,0.553,10,-3.493,0.0271,0.393,0.0,0.541,143.993
7FpubvfoThnQRkP7EWEcDU,0.758,0.817,2,-4.679,0.056,0.675,0.0,0.965,106.178
4QaZC2yYRWx60342ibZBsT,0.46,0.738,8,-4.928,0.057,0.698,0.127,0.942,145.883
5NykfmxWT7UILu4Xd9zk8F,0.504,0.871,2,-6.669,0.0436,0.000157,0.00179,0.601,94.095
3GqUXx8Zp9g0E6oHgV81Oz,0.455,0.788,9,-6.855,0.0832,0.0641,0.0,0.71,127.165
0UPBidRYcgJ2mjZlk08V8x,0.562,0.502,6,-10.269,0.255,0.323,0.0,0.322,120.104
0QGwOFQChzflLAmPq5NwKo,0.555,0.377,1,-9.123,0.0295,0.671,0.0,0.619,78.986
6AshXllQhobwSXsdpgp41w,0.535,0.819,8,-6.792,0.455,0.584,0.0,0.581,150.451
4dyx5SzxPPaD8xQIid5Wjj,0.699,0.812,0,-6.005,0.0377,0.0164,0.000763,0.662,138.185
3pGRj6u9DCE9PQips45eJ1,0.702,0.722,1,-5.921,0.161,0.0199,0.0,0.51,137.963
7dblNGnRXEBrVJunazs2U5,0.534,0.462,4,-8.172,0.0266,0.839,0.0,0.534,96.195
3HTyLPUwl9e2gUp6Ewgd7e,0.728,0.514,8,-6.499,0.284,0.162,0.0,0.871,170.055
3yz4ypggDnJ4N3z3YG6pn2,0.637,0.898,7,-5.322,0.106,0.186,0.000673,0.81,96.878
0MTHfzOrCXiOrwG9XbPMPo,0.566,0.946,0,-5.572,0.127,0.249,0.0,0.66,158.005
4ZBxAQzSqxf09s3ef1KBf7,0.64,0.659,7,-8.448,0.0385,0.194,0.0,0.382,127.078
4NqgF8zFy3zwSMyj7Kmhvm,0.463,0.621,7,-4.782,0.0286,0.353,0.0,0.526,139.652
54s5Hs9lr1QCEgodJWYNHr,0.623,0.569,4,-9.645,0.0264,0.587,0.0,0.571,134.676
2NaY6k6TAA64CFvszkhBv0,0.54,0.752,7,-7.536,0.0705,0.31,0.0,0.611,80.888
0HTq5bN35IPxdhCNZQTXqQ,0.484,0.837,9,-5.96,0.0324,0.241,3.4e-05,0.651,135.63
18JY2lzRhfkf1VRBB1Nz5D,0.853,0.643,11,-6.763,0.364,0.251,0.0,0.549,80.913
0AcJ0eQfYYP9cLy2dMop1R,0.81,0.6,5,-10.664,0.0399,0.171,1.23e-05,0.951,124.133
4X91MJx5PaKwlYnnldv1OZ,0.565,0.805,2,-10.72,0.0463,0.11,0.00189,0.742,124.113
2sf8YvuA9NCJJdCDtn4FS1,0.497,0.894,1,-3.793,0.0371,0.00771,0.0,0.498,134.964
4O9zzYF0mVUJjQEMGD6VQG,0.844,0.576,10,-8.819,0.297,0.352,0.0,0.928,92.445
5LUb4KVbWIJXIaLmQ07K1V,0.727,0.854,4,-5.147,0.138,0.406,1.37e-06,0.941,90.627
5IZ6S8FeaOv9mlOifLUIwZ,0.776,0.491,11,-12.042,0.04,0.000194,0.203,0.879,143.477
32TkZ0EXNV01d6i3FquAiC,0.573,0.367,7,-9.494,0.0321,0.655,3.68e-06,0.303,120.592
4jLRskkvnFsjUB3mvtXp5M,0.578,0.4,11,-11.207,0.0285,0.248,0.0,0.479,89.31
1pJMMnem25kCij6sF62hut,0.82,0.6,10,-5.323,0.0512,0.413,2.94e-06,0.761,95.813
71j7pKCwVoXQX2U2addBn8,0.677,0.438,1,-6.421,0.0349,0.615,1.31e-06,0.738,130.571
6BWE6wckWmrq7bJ78s7y0y,0.612,0.522,10,-17.336,0.924,0.932,0.0,0.386,123.933
1u7qEu0bZXGHW6gfOKyRfX,0.811,0.476,3,-5.281,0.0508,0.743,8.19e-05,0.97,102.538
1YLIdBkPxQwklrVk9RlzJP,0.375,0.551,3,-8.215,0.131,0.493,0.00615,0.701,145.445
4Y51P1v7Lgbfgx1sahHJAW,0.709,0.839,7,-8.403,0.0367,0.159,0.00209,0.864,113.186
7iPlYsBxklzdQe4iVQx7DK,0.444,7.06e-05,5,-7.41,0.383,0.288,0.000131,0.288,138.113
48ft3s71HdFEmEJPhhHssQ,0.498,0.432,9,-14.386,0.0345,0.688,0.0,0.365,135.015
5zIBjoj9mkL2Tz7zyIvPib,0.56,0.744,7,-6.315,0.0263,0.411,8.3e-05,0.606,141.016
0Lt0cohXv3e1BoykniHBOu,0.539,0.622,7,-8.925,0.0476,0.228,1.13e-05,0.228,125.375
324Vv8APc2bHig0lm6wiYC,0.689,0.618,9,-10.241,0.036,0.594,1.46e-05,0.491,95.999
3r216uAVdbUEdEmrdTFtIq,0.553,0.443,4,-8.284,0.0311,0.794,0.000125,0.433,139.691
1l75b5q10NeaBkyMy18R5N,0.609,0.73,0,-9.474,0.0581,0.384,0.000489,0.509,105.163
0EkSHAQktdf7R26LRQiKGQ,0.498,0.432,9,-14.386,0.0345,0.688,0.0,0.365,135.015
7rwe8s6fObqAZMRE2B1Tup,0.746,0.794,5,-4.86,0.0928,0.314,0.000332,0.68,105.042
3BmO2DS8Rw3M1ibMXvV5JQ,0.639,0.755,7,-9.098,0.0337,0.482,0.0,0.712,130.054
0CoYJSj7z3XiUqyIyxY0hO,0.702,0.586,8,-9.211,0.302,0.469,0.0,0.82,73.581
2R9JaUNgitDVjaE3zE8CoU,0.665,0.707,7,-7.239,0.0312,0.642,0.00194,0.777,102.368
4fCzT5etBddT4Ua9F1CfXD,0.559,0.318,5,-11.465,0.324,0.72,9.5e-06,0.929,174.751
5AVJgFRGY7zv55T2XcuJcH,0.765,0.485,5,-4.992,0.0345,0.626,0.000341,0.984,111.931
1IO7WmbmHJu4tJX1mZ1GTH,0.432,0.94,2,-7.123,0.108,0.00155,0.0,0.716,135.665
6x8bMIpvePQqPKGys91SPx,0.595,0.442,0,-6.911,0.0342,0.536,0.0,0.449,77.069
3U7VI6cI4XtJt3s2J5siqt,0.764,0.523,10,-4.512,0.0293,0.612,0.0,0.816,110.017
3AQg8DR76bH9Ko3mZXuSWK,0.598,0.759,6,-10.237,0.0843,0.328,3.43e-05,0.891,90.314
2asip1Ar5XMeBenh8sJlhx,0.616,0.854,4,-9.823,0.169,0.456,0.0,0.827,90.039
2RdH76bAOn32LSxAooOOqe,0.709,0.775,9,-5.811,0.0544,0.81,0.0,0.896,149.946
0lNdaHuRYi0YVNPWW0F7X2,0.54,0.889,4,-5.472,0.0382,0.0486,0.0,0.82,147.518
4Hqh0dS4x07zuRw6eBTO7p,0.886,0.336,4,-12.779,0.239,0.557,0.0,0.536,100.044
4Y6pdMS2PwGshq1MYcJ9fC,0.671,0.442,0,-11.595,0.0332,0.758,1.63e-05,0.749,120.774
6La3P2zp9KaW1d35hwm0Xh,0.513,0.88,8,-4.028,0.0445,0.0308,0.0025,0.542,176.069
1INWPr855fwWdAOeecbu0W,0.604,0.709,8,-6.377,0.158,0.0987,0.0,0.907,167.832
4QYGKJExNwTvNhf64Cp2XI,0.42,0.567,1,-7.933,0.0351,0.11,0.0,0.156,112.37
34ieem3brfX3EJApCl440A,0.682,0.28,5,-9.501,0.0357,0.818,0.0,0.755,127.965
5Z6QUf4ruCkSMOzxQHulCm,0.563,0.8,11,-4.118,0.036,0.296,0.0,0.384,138.974
3YbhQokqKwFuDTS7mwWgmP,0.546,0.983,1,-3.904,0.0764,0.1,4.14e-05,0.604,107.426
42snez1VipvUjJEqZCmKeO,0.399,0.471,7,-9.486,0.0399,0.25,0.0,0.068,99.514
0sHrMYAINrZIgGgA9pr9YQ,0.444,0.552,4,-8.01,0.0278,0.259,0.000177,0.307,84.684
2ImAP3mezUhfEZkqx8HtYW,0.771,0.746,9,-4.497,0.262,0.0902,0.0,0.502,148.054
5wtGB6ojq1aPyOaBkhnElz,0.655,0.731,1,-7.561,0.0538,0.468,0.0,0.344,130.039
7opmuePHHDBml8hNvrza4R,0.646,0.476,0,-9.249,0.409,0.572,0.0,0.703,87.876
2GMHqFwYnY3OGSvACE1pkE,0.383,0.282,7,-11.764,0.0467,0.82,1.76e-05,0.246,187.09
7Fhr46PhABM7LdDVLeucUP,0.532,0.94,8,-3.473,0.144,0.0107,0.0,0.624,174.106
6TuiSfDGYyVZ7C5fxKOszw,0.769,0.382,0,-9.594,0.0577,0.708,0.336,0.582,74.0
1xN9kdNDIRmBLqujjYSbrZ,0.554,0.759,5,-5.651,0.033,0.0131,0.0312,0.725,90.862
1MRE4GvAvlrvIJrOtcg1sK,0.574,0.78,1,-7.953,0.0665,0.336,0.0035,0.388,89.319
2Huf1VoNj4tUtLRGOFTx48,0.598,0.878,7,-5.817,0.131,0.332,0.0,0.503,147.017
3uhHfh2XDXjA3iBwViFpSx,0.592,0.673,2,-9.496,0.0295,0.589,0.000339,0.842,153.176
2h9eJrxNG298kW8ar3Oci9,0.573,0.593,5,-5.761,0.0389,0.207,6.97e-06,0.964,104.666
0n8XnoVsyOULS6fbJOJqnH,0.521,0.731,7,-6.115,0.36,0.464,0.0,0.728,83.667
1TTOwduhBruFT2l2JCEAXb,0.545,0.678,8,-5.865,0.114,0.711,0.0,0.923,117.148
0OoPk96TtCA3gNFT3jfime,0.497,0.917,10,-4.996,0.0843,0.00753,0.000652,0.645,159.968
2I4hVGTtVC6zl8d4vbrmbd,0.776,0.394,2,-8.178,0.032,0.225,6.84e-05,0.561,127.95
0I1fxd7VhhX5dxECspsoCw,0.544,0.429,6,-11.773,0.516,0.402,0.0,0.537,63.026
3Q8Jw1UCAQSMeGNIFfWNSd,0.294,0.942,2,-7.118,0.0808,0.206,3.23e-05,0.649,166.291
1c9n5wMiM2hZiiBKUrVCqF,0.813,0.72,10,-3.059,0.035,0.473,0.0,0.972,135.088
6e3mKhIpIyvUkbeQ0cSLPQ,0.693,0.461,2,-8.051,0.0397,0.721,0.000178,0.429,147.921
2fL6P9bUWozes5xaHLddVT,0.657,0.858,9,-6.361,0.0488,0.00662,2.45e-05,0.628,92.994
3L3fOyV49wTqBU0BYu5cQQ,0.635,0.486,3,-4.197,0.0359,0.714,2.39e-06,0.964,112.96
6NAn7eEExGOlf37BW9sZdJ,0.416,0.97,4,-5.106,0.0639,0.0148,3.32e-06,0.733,175.215
4JDVhYoBEwxf53DbJ8BRoF,0.498,0.432,9,-14.386,0.0345,0.688,0.0,0.365,135.015
3bgKVqn6LRjdpuFNpJ3rSq,0.498,0.432,9,-14.386,0.0345,0.688,0.0,0.365,135.015
5Db8xWFjgozOIfpR043Ukn,0.609,0.756,3,-5.747,0.0375,0.762,5.11e-05,0.968,136.045
6IWgHV06sU7ZfLAqB7GOtX,0.284,0.156,11,-9.556,0.0334,0.896,0.0,0.146,60.645
2zlpPaYrmjkJavxPBIFmJq,0.248,0.218,8,-9.347,0.0325,0.8,9.49e-05,0.202,84.017
7isAr2kWfTN2y1IiP0ndEJ,0.498,0.432,9,-14.386,0.0345,0.688,0.0,0.365,135.015
1zhiY8SQbBksuS1O9WDfp2,0.498,0.432,9,-14.386,0.0345,0.688,0.0,0.365,135.015
1GcnF0cnsvfBHwA7Sfyckl,0.366,0.413,8,-6.496,0.0303,0.818,0.0,0.193,73.4
6mLAQvr7hVVaTLsTTEHAzH,0.44,0.833,7,-4.79,0.0325,0.0308,0.0,0.335,94.995
3LBnikk8IS3TSBbVUn86eA,0.785,0.624,0,-6.644,0.0397,0.201,2.57e-05,0.899,97.058
2O4s92ElEr4wt4ek9fseBr,0.353,0.373,2,-9.679,0.0408,0.78,2.69e-06,0.392,135.255
2u1NjJFN4emN0o6AJHogGU,0.377,0.763,3,-6.866,0.0387,0.777,0.00125,0.302,83.267
4bhlpQbaclmDNlfYLWhGLV,0.714,0.767,0,-7.093,0.0548,0.0372,0.00121,0.695,141.51
33kvjc4Mwb8Bw4spshLlE9,0.275,0.327,3,-10.236,0.0336,0.822,0.0,0.283,141.195
60iXCl8pczSf8TqN0yUaH4,0.388,0.987,10,-5.936,0.107,0.032,0.0578,0.405,162.988
1TpL0qUaPji2MMO1FEaxvf,0.772,0.497,4,-3.184,0.0452,0.764,5.16e-06,0.657,134.86
696jADarS8n0iuIvol4E35,0.828,0.595,0,-4.889,0.0734,0.401,0.0,0.974,94.002
7BhTdiEq5ioUpdD6sJinfF,0.676,0.726,8,-4.117,0.0494,0.663,6.66e-05,0.981,148.091
6hu4zxEVl8vhbZwDlqNqK6,0.469,0.799,8,-5.983,0.387,0.105,0.0,0.495,147.847
375PG35fYzLTG6jkrJbegL,0.644,0.502,10,-9.57,0.42,0.394,0.0,0.431,113.93
6FT83pFXKhDlXDsNJFAHWz,0.525,0.852,7,-9.519,0.222,0.731,5.11e-05,0.884,157.404
6y20BV5L33R8YXM0YuI38N,0.509,0.584,0,-4.907,0.057,0.0368,9.96e-05,0.685,170.411
4yA2SM7XCLkSgkBUSoZb5S,0.33,0.905,4,-5.047,0.0497,0.000233,8.14e-06,0.259,163.142
09YadcHsZw8nEmJhB7SDrw,0.66,0.675,11,-7.909,0.245,0.026,0.0,0.585,191.92
4FpVLn9ne4NDGo83yRTAIi,0.631,0.474,1,-14.021,0.302,0.0625,0.0,0.806,76.765
3p4Iji2RMmWLnkPupv7gKk,0.813,0.477,1,-9.924,0.263,0.144,0.0,0.739,135.943
5LT3VAtPcUbfurNpjQrOwI,0.713,0.587,7,-6.626,0.0368,0.201,0.0,0.604,85.969
6MaRBjJJtf3IiWHRVws5qc,0.671,0.789,4,-6.467,0.0936,0.729,1.43e-06,0.534,97.56
4ujiGaEqeg8aMtXLNWL8HX,0.563,0.933,9,-6.931,0.177,0.113,0.0,0.364,164.061
666euhH9Qoz0W7Vewgs6z4,0.703,0.588,6,-7.765,0.126,0.199,0.0,0.768,75.12
7mg05jDLLNtuL9BA8hgsSA,0.706,0.819,7,-3.567,0.0911,0.571,0.0,0.636,144.982
1IF1IpJ8SnBDgHO5Nig0pD,0.562,0.309,9,-7.816,0.0252,0.569,2.71e-05,0.458,102.031
3LclB7zSmNSTE6owUaJXmO,0.86,0.554,4,-7.981,0.377,0.0808,0.0,0.636,90.409
0u9lQ6ny51xQFQk9ROKh5w,0.588,0.911,0,-8.401,0.171,0.252,2.57e-06,0.259,116.074
04SZq5X98v2Gsf1NUX7OFH,0.305,0.419,6,-12.467,0.0337,0.503,0.265,0.148,124.484
4epacOApRVKYVHObke0KMb,0.704,0.925,4,-5.918,0.0609,0.0226,0.0,0.813,118.699
20XepQLAx0psdctutoizL7,0.657,0.931,7,-5.879,0.15,0.0157,0.11,0.493,104.983
1Je6kbDzxcqsVDdbVJSJB9,0.789,0.564,7,-8.222,0.136,0.0623,0.0,0.445,93.683
7pUg09HgXhMEGpBwjjRGDB,0.741,0.626,11,-8.036,0.0332,0.0882,0.000192,0.827,93.995
0t3WQVWGcyqmPZtqVlwRdI,0.389,0.94,6,-2.702,0.0531,0.353,0.000295,0.482,140.018
5u8XmgNqmWZORE6XByIj1J,0.804,0.371,0,-15.462,0.138,0.515,1.08e-05,0.749,133.96
2QIwuG4S7XCp5R0a8F8jvz,0.659,0.878,11,-4.532,0.032,0.178,0.0,0.881,79.972
0EJClSXzFS4OZyzSZvL7To,0.481,0.65,4,-8.926,0.0391,0.412,0.000236,0.54,90.086
1U0r0NTk1REudDGzNICs17,0.561,0.592,4,-9.55,0.0282,0.124,0.0,0.62,141.841
0ch2Kak83EQfELghu7ATRR,0.648,0.791,7,-7.734,0.0299,0.559,3.14e-06,0.699,124.029
196ZNihAwp7y7Ao4YfSdIx,0.659,0.712,1,-9.233,0.0263,0.00673,0.00128,0.857,139.678
1svDKiz3n0VluHe1kxD0ay,0.509,0.77,10,-7.735,0.0878,0.165,0.0296,0.477,91.41
5WNKAbOTfyJA1OVYLa2WI7,0.405,0.93,2,-5.573,0.0722,0.0187,0.000216,0.432,127.336
3UzpSRfVBi3kLB64l9sk7d,0.821,0.465,0,-4.893,0.0428,0.675,0.0,0.887,119.935
7EIk0Pk8QLW19dN6NViFI5,0.658,0.607,9,-3.504,0.0351,0.406,5.57e-06,0.882,129.935
5Z2hgvhUc6zFukmNVkB7Re,0.765,0.787,7,-6.114,0.0792,0.0544,0.0,0.477,127.933
2flz8yzCx3otg3T3p0gnWo,0.587,0.699,7,-8.427,0.0402,0.311,9.16e-06,0.527,183.916
0CfthwI2zWPVci5b2ZwA5F,0.35,0.966,2,-5.934,0.31,0.173,5.65e-05,0.217,177.177
4s4huMzMAmAAbEuSAmwt6b,0.633,0.619,4,-9.53,0.0336,0.257,0.0,0.924,135.181
4IjlD8YWZiLrT4nZOFoLxv,0.676,0.597,5,-6.759,0.0526,0.143,0.00657,0.439,110.728
6gtyjq2dEcalt4WjK7TxZK,0.754,0.511,8,-5.714,0.0324,0.204,0.000709,0.909,94.957
0xad4yuDkjVlI53EIIkoIW,0.436,0.981,2,-5.52,0.104,0.0217,5.03e-06,0.489,157.986
0AzUzlm33acEPEebIv4QHR,0.415,0.877,1,-5.395,0.0305,0.221,0.0,0.571,96.804
3KKYKEbPbA2WGUzKL97Vn1,0.735,0.262,4,-11.132,0.0324,0.641,0.000156,0.526,116.13
7MFq7ihwl8ZolUaPCc4sKh,0.798,0.651,2,-11.015,0.0772,0.0531,0.00159,0.964,94.963
7Hihe5qihF0lIzxcHV2qe4,0.835,0.832,3,-2.206,0.0403,0.418,1.35e-06,0.901,114.038
4pfHImzvWHwf0nvt9eXNVo,0.697,0.38,0,-10.262,0.126,0.374,1.51e-06,0.543,139.833
57OWITrnprCGYvkcyaLRwp,0.789,0.505,7,-9.023,0.0414,0.758,1.44e-06,0.98,130.29
4G69MBJlMo7BxDgzj7s7nV,0.654,0.631,0,-11.237,0.037,0.237,0.295,0.611,95.981
41dhwOsZC28x67fPC16IeK,0.384,0.732,9,-6.518,0.0317,0.0209,0.0,0.302,188.061
0DGDOXnLnc0xlINfYEB6ar,0.698,0.416,10,-5.71,0.0689,0.663,4.94e-05,0.95,132.652
0IaCGBaevs1R7EMagCf8d5,0.764,0.768,9,-8.769,0.0374,0.12,6.15e-05,0.853,114.898
0iTpQYzJnYgh7kIxyq8A2O,0.537,0.712,5,-5.597,0.0286,0.289,0.00568,0.704,159.871
62ODcIMTYy3Ccn7W02gf4w,0.649,0.523,9,-7.413,0.0267,0.157,0.135,0.697,100.038
3RPbT6nXH5Vn5Ui7Gowh8d,0.369,0.5,9,-11.338,0.0422,0.0223,0.0,0.56,173.498
7KWugVA9Eh81qeA8kkYrww,0.7,0.357,1,-14.866,0.142,0.536,0.0,0.129,123.946
2fouwOFRsS5LmrCJVLe40X,0.601,0.865,10,-4.153,0.045,0.106,0.000188,0.46,105.02
2cuxKp2kNIpSdGMSBgCAWH,0.726,0.487,10,-8.377,0.0273,0.132,3.68e-05,0.626,126.005
5436OOhc4THarMSIJ5Ni9d,0.741,0.779,6,-5.168,0.0376,0.413,5.03e-06,0.51,102.02
6I3FEdunYM9FM7j3D0u7j6,0.533,0.788,5,-9.431,0.0366,0.0121,0.21,0.742,131.947
6uGo2qqzOGVjm1v0pvpXjb,0.661,0.899,1,-6.62,0.0384,0.244,0.0921,0.699,156.879
0ipjWegd1m7BL6lHahGrSx,0.488,0.745,7,-9.22,0.287,0.371,7.68e-05,0.686,166.723
6bw2kgPwKrj8ND4GXXGJKL,0.591,0.538,11,-6.846,0.0446,0.2,0.0,0.774,172.034
2Hh6q4RUkddqIvhq9WSzKz,0.262,0.849,4,-3.791,0.0489,0.119,0.0,0.308,83.692
1IDozgb2HiuB31FXbUsvJJ,0.339,0.455,7,-7.308,0.0287,0.0141,0.0,0.229,133.741
4NAm2eJd4rk2hbeL6DOJEo,0.723,0.428,0,-13.969,0.032,0.277,0.192,0.672,117.092
0lpTXkROtu5gqXw531717s,0.657,0.515,0,-9.965,0.0811,0.0843,3.4e-06,0.667,168.306
7wfG6wEX3kCA97l3gzZEjo,0.579,0.883,6,-5.919,0.0567,0.00598,0.0318,0.822,129.045
5enNdx4oAh9GK3sXWzpge4,0.659,0.816,6,-4.524,0.0274,0.0889,1.05e-05,0.874,124.932
2p3hIfkLDE8AN2fvR3woq4,0.484,0.448,10,-6.952,0.0454,0.731,0.0,0.607,80.43
5fKF2n5jmZDMTVbg9bW6R0,0.852,0.859,10,-3.214,0.0657,0.153,0.000921,0.914,108.344
40KUzcToZooV3Gair9v4I9,0.8,0.724,1,-8.101,0.0404,0.388,0.000145,0.685,134.945
7nBeVCe5XQ6sn6dzqFvglv,0.585,0.7,11,-8.591,0.0847,0.0851,0.245,0.951,177.596
04kUx3ZqhMfJPF0bLJw1FO,0.64,0.676,8,-14.619,0.0465,0.333,0.0093,0.468,110.997
0B7fEajwCGa3lKfsmCBDV3,0.687,0.865,2,-8.431,0.0335,0.672,2.67e-05,0.97,157.487
3hrq275yIqky3spn4l3F8g,0.734,0.546,8,-5.027,0.0302,0.335,0.0,0.928,135.966
4FbTre6XTjpHT54Kij86GS,0.655,0.944,4,-5.457,0.151,0.319,0.0,0.344,97.957
4YeZzfKYGy8f25pxC7IzlP,0.644,0.817,5,-2.306,0.0889,0.341,0.0,0.965,175.945
2bCsFEdKi0EXK8GWSkNClD,0.729,0.899,5,-1.492,0.0468,0.423,8.44e-05,0.974,145.095
2N3xyXrk3mgMB0p8aaKvQx,0.648,0.751,2,-7.795,0.0276,0.185,0.000204,0.559,113.927
7pHHcwPFRIWH6g3kiLTlli,0.719,0.669,5,-2.834,0.0277,0.619,0.0,0.747,125.996
2Sl6hMperaZs5PWPrpJboD,0.341,0.604,11,-7.346,0.074,0.325,3.84e-05,0.244,68.198
1EpWVld69yFDx3uVBryMTS,0.658,0.854,4,-6.796,0.0323,0.467,0.137,0.516,119.562
3UnzUQ2dUDYWWiSMxc6NAZ,0.737,0.505,0,-3.878,0.0301,0.447,1.74e-06,0.959,107.008
4qJrq7Q4ibUcpRt0dOjN52,0.66,0.567,7,-8.209,0.0287,0.73,2.79e-05,0.133,120.105
0drLWHcGw3j6xZKn7zGJ7X,0.701,0.888,7,-4.798,0.116,0.458,0.0,0.808,120.048
21WYyyjovbDtf8Sa2DSdfZ,0.38,0.435,4,-5.952,0.0346,0.531,4.58e-06,0.541,159.759
1RDIUWZBd4a7K5POj12fOO,0.459,0.958,7,-3.312,0.138,0.00681,3.93e-06,0.434,101.911
7cwkcJfPKgSfHv8fbKEfSq,0.432,0.557,2,-9.57,0.0408,0.63,0.000565,0.249,79.599
5h3JwlReerTYTdklhPmkJ6,0.678,0.522,0,-7.881,0.0323,0.698,8.56e-05,0.713,145.74
3fwvW6rWrgIaghB5OeNDK9,0.516,0.521,7,-6.994,0.251,0.294,2.33e-06,0.498,170.596
13ycW95Yd1oKoCAQXAWvTq,0.332,0.769,9,-4.984,0.0416,0.158,1.46e-06,0.35,175.938
4VbzQMwsewpRkpiA5GioCw,0.483,0.426,2,-9.389,0.0315,0.598,2.16e-06,0.662,152.46
71gh7kQdKfaDWZSZZIU1ff,0.746,0.588,8,-4.945,0.0524,0.389,5.12e-06,0.975,119.86
2b75Q3C7hQcJ4XOA6Sb81N,0.676,0.676,9,-8.241,0.0336,0.377,2.57e-05,0.253,93.09
0IyKiw1Lfke7OIPiMe372r,0.764,0.797,5,-6.558,0.0382,0.486,0.0,0.977,104.488
0dZXp7d6kc2aX2RkUE68wc,0.536,0.86,4,-5.143,0.0336,0.00859,8.8e-06,0.695,148.151
012JFkVnfxxnL0dN29j73L,0.671,0.689,9,-7.755,0.0932,0.328,2.95e-06,0.811,138.306
3xBeIzqPtWPK7Bl6kjovfu,0.739,0.627,0,-5.168,0.108,0.379,0.0,0.852,154.934
5JmEjPobY0W4JN8F20yeeh,0.839,0.755,3,-3.649,0.0448,0.428,2.47e-06,0.97,114.978
0sB2kLxhmdaUyEMeKjmG8o,0.79,0.743,0,-5.828,0.0282,0.402,6.67e-06,0.96,104.997
0TBBrqwC87pusube1JOiw9,0.728,0.333,10,-11.611,0.0387,0.462,0.0,0.966,102.586
3VayB5gLZGODx8b7RO1y5f,0.85,0.458,8,-7.82,0.339,0.476,0.0,0.616,143.973
1sM0yZDxUhPQhkDh2CLd6l,0.723,0.44,2,-10.536,0.0319,0.667,0.0,0.843,123.217
252YuUdUaC5OojaBU0H1CP,0.636,0.684,3,-9.302,0.057,0.52,0.0015,0.881,132.509
0WIcuCP4r3jBup7JRk7yRO,0.571,0.324,0,-9.245,0.205,0.666,0.0,0.672,142.77
0x3P0mHF0HOUMcsxmIUAno,0.692,0.632,10,-4.242,0.0845,0.109,0.0,0.626,82.54
0Gdc7WEm7QbmFzqDfQCs2M,0.677,0.573,10,-7.982,0.047,0.317,0.0,0.282,107.059
4d8FiRf83bWZk7EZpEE1GA,0.644,0.219,9,-14.797,0.0719,0.432,0.0,0.159,114.867
45q3VoIuawx7dgT3TWekXR,0.372,0.831,4,-5.385,0.0709,0.14,0.0,0.427,82.598
5HpX5jzbL8OweC2nAG0bC2,0.767,0.509,0,-6.123,0.28,0.301,0.00329,0.733,153.537
6KRddNr4XlooytDWtefT7L,0.607,0.737,3,-5.714,0.0309,0.0348,0.0,0.702,113.96
0hIEAMMiVHPW8QvZ6r25U5,0.252,0.535,2,-7.898,0.0387,0.659,2.58e-05,0.354,81.805
21i5B2i5ZIcofVwjuo9LKG,0.507,0.503,9,-11.759,0.143,0.642,0.0,0.605,87.038
4rHbutI3cCzyEnIYzkPP1p,0.768,0.584,5,-9.785,0.0682,0.234,4e-06,0.911,113.767
1TieYORMOIeZoU2Yfkyfgs,0.682,0.915,9,-3.633,0.0454,0.00193,0.00793,0.789,101.051
2yruHlh8qTlfVWPeN7HLfz,0.586,0.858,0,-12.67,0.0493,0.00527,0.000244,0.812,144.632
1zmlYxENm8EkFbTnetcuEz,0.823,0.382,9,-10.552,0.0736,0.0926,0.00495,0.749,144.438
4BrchLoM7UtgFfMjp3eQ1z,0.459,0.9,1,-5.215,0.111,0.301,0.087,0.488,170.013
05sQfg8PUdgc7XSAGUw7HJ,0.708,0.461,9,-7.764,0.0367,0.607,0.0,0.494,131.992
3wt8H0R9ITj2zJ02aOI2k7,0.454,0.374,7,-14.343,0.0275,0.406,0.0133,0.254,180.445
5dbg63VvmTjGvnapJC6LgQ,0.591,0.913,8,-4.778,0.0401,0.0626,1.88e-06,0.848,152.065
3L3vYN9kQJaBhty7lcfR9s,0.641,0.766,6,-7.417,0.0882,0.257,0.0,0.399,103.055
1dDbLpPDquPovTN96MQbCy,0.58,0.768,9,-9.955,0.0337,0.166,0.0051,0.709,119.455
48aum3DqFk35mK59Ji9h5z,0.273,0.466,8,-7.513,0.0397,0.00419,0.000315,0.493,51.037
2IgcJ36zkTppzy7rwOWwva,0.484,0.782,2,-4.656,0.0252,0.149,0.004,0.753,101.06
56MZA3YYYizwTSCWVwh68t,0.737,0.522,5,-2.928,0.0407,0.698,3.61e-05,0.905,150.079
6ircokk87I6fpViV4zSQRX,0.484,0.782,2,-4.656,0.0252,0.149,0.004,0.753,101.06
5Jr4QXPpVCvZNfeKAAiqgA,0.715,0.384,10,-9.641,0.257,0.529,3.74e-06,0.451,139.993
3ehWNmQuly0EY8Xv1NaeMR,0.51,0.712,2,-5.292,0.0316,0.0779,0.0915,0.867,124.311
4BQOiXerndu4D8zm3Y9hw1,0.84,0.442,4,-13.497,0.0638,0.403,5.28e-05,0.968,118.839
6GenSQjsQHvJ6ZhwzxJhhL,0.747,0.624,9,-4.72,0.34,0.304,0.0,0.648,135.921
3efT4wg1RQG0nkKrN2zegl,0.636,0.425,5,-6.357,0.0397,0.566,0.0,0.655,115.978
2Oiw6YkJgH8bEVR19YDdwL,0.74,0.518,8,-4.914,0.0415,0.562,3.79e-06,0.981,132.998
5z2JnOo0ZxrZVkaFpeV5AJ,0.856,0.601,8,-8.942,0.0856,0.0468,0.0,0.632,136.898
6Fw0I1fDME2xFSmjAwgVxJ,0.647,0.691,1,-5.49,0.0288,0.307,0.000122,0.921,143.056
4jifUm3v462Pw6glPverR4,0.39,0.859,7,-5.506,0.439,0.337,0.0,0.653,168.135
6L7diFVoEyg85DV9NJlkB9,0.738,0.406,10,-7.143,0.0445,0.89,6.76e-05,0.96,112.912
7l8mFTAzCM0dFiWIPNbzfr,0.798,0.633,5,-7.259,0.043,0.0795,0.000318,0.782,89.029
4qcyHRRheEFLxnkLh29hrY,0.563,0.415,10,-12.457,0.029,0.618,1.83e-05,0.579,130.802
15CV3iTmDzxw2NBN1FJeRE,0.434,0.887,11,-6.702,0.0477,0.00113,0.000345,0.602,77.515
2285jfU1YCDJKNeoaDWanQ,0.77,0.409,3,-8.057,0.0449,0.751,0.000179,0.972,96.029
3xVxdiakVcOQX02ccqS7Ub,0.712,0.601,10,-7.304,0.039,0.0874,5.36e-05,0.847,149.883
2WN1VZFo82UlpuyYzpTp3n,0.593,0.931,11,-4.896,0.0381,0.00515,0.0115,0.553,95.004
7m74gDDWJmNjL1rUcWReuH,0.602,0.629,6,-6.777,0.0342,0.252,0.0,0.41,140.734
4mGuAAAyVlYdgORnfrTQpQ,0.355,0.383,10,-8.556,0.105,0.471,0.00144,0.741,177.291
3wbLj9Rd3YBZzKRDxC266o,0.477,0.686,6,-14.141,0.0406,0.0101,0.0118,0.81,120.837
1YkcLPnPxvJbOkbKJFm9vJ,0.672,0.489,0,-5.15,0.0285,0.549,0.0,0.927,98.447
5YYOxnJQZxaGwmHi63EfvI,0.692,0.578,0,-2.947,0.039,0.618,7.23e-06,0.951,148.166
6CmD3I0zoGRN5BZYqFR1m4,0.883,0.351,10,-7.576,0.111,0.581,2.55e-05,0.972,126.282
2QmYNJ4Fg3co8cWr8k7023,0.586,0.364,5,-12.268,0.0402,0.0139,0.0189,0.227,172.589
4INGYD1uBRoEIwrIWLHoK3,0.649,0.589,3,-5.085,0.0393,0.574,0.0,0.966,104.218
4zTPYAf5scZdp0LnwPPeWK,0.876,0.479,4,-6.687,0.44,0.703,0.0,0.776,133.858
7dfl9X38RhIvB3oSmmneq3,0.559,0.49,2,-8.06,0.0247,0.103,0.0,0.202,142.447
7rWLqeQJabrK7FbY8X0TyI,0.83,0.574,11,-6.892,0.701,0.281,0.0,0.538,143.892
6P694ZjCWctbgzgh9qAmW8,0.582,0.949,2,-7.495,0.0617,0.00101,1.76e-05,0.688,110.965
71JdUcrlTYuLc9IzYZfkhV,0.657,0.877,6,-5.806,0.0882,0.189,0.0,0.793,176.007
0KM3fzzUBVW0vW7RmFh28v,0.606,0.725,3,-7.019,0.0352,0.831,1.07e-05,0.963,136.815
0NPQCs25OPNgYOFhCXL8kk,0.867,0.696,4,-8.147,0.0847,0.18,9.82e-06,0.818,133.008
3K0lKj1adDJUOaF4nNQTMx,0.826,0.776,1,-4.254,0.0645,0.318,0.0,0.703,111.998
3RtP7chdHFagVWsEmi1yux,0.615,0.963,10,-4.776,0.0664,0.0634,0.0,0.547,103.269
5cg0iQYSuJOUwxAtikIivY,0.897,0.644,5,-6.437,0.0434,0.449,0.0264,0.972,109.976
2GFpwGDVszrgQNe1k4hLNH,0.778,0.784,6,-3.538,0.0628,0.0292,0.000297,0.969,153.813
1Vc4CybtR522rCPaOnIfGq,0.586,0.441,10,-11.591,0.0521,0.725,0.0,0.439,114.878
3j6twYGGDPLQ3EruZXgHJb,0.42,0.916,8,-8.598,0.08,0.166,0.0977,0.287,135.172
34HzaozRuzF3BSjsMrBqIs,0.299,0.663,7,-7.279,0.0409,0.0288,0.0,0.427,127.249
6nKlO070QY5G3Ppz6K9Y4r,0.613,0.745,9,-9.253,0.0655,0.562,0.0,0.322,94.019
1VYEWrogS0x8Jy7OW1TpnF,0.785,0.574,0,-5.191,0.0343,0.176,0.0,0.914,125.004
0888Sjs2LKpRLCPJZKmtEd,0.637,0.439,0,-15.998,0.0262,0.178,3.98e-05,0.754,92.912
6F3aEXHWacgFQOMibXHviN,0.716,0.494,4,-14.118,0.0288,0.62,1.28e-05,0.805,129.864
3Iibb3umopLK5z2lZNwKM7,0.363,0.755,5,-8.784,0.051,0.463,0.00226,0.436,136.296
7KF2jnp3QIwcl7QJP5i5nW,0.77,0.324,10,-10.911,0.0371,0.549,4.17e-05,0.508,104.523
5bW5BtZD24h2zAAaFKet2M,0.617,0.823,1,-4.782,0.172,0.407,0.0,0.821,80.245
1wUiMzNBtO26PxSlv63KDT,0.75,0.819,7,-9.839,0.0335,0.536,0.00132,0.689,116.019
41ogaJbAuFHioAi4FFirz6,0.78,0.472,5,-7.239,0.0304,0.745,4.71e-05,0.837,98.099
24WyT7rIQvUUEZVyLMEEf6,0.519,0.38,11,-11.009,0.0342,0.716,0.0,0.617,121.587
5D4EyfccDLlOXDRb4XmE20,0.716,0.434,5,-13.727,0.038,0.0246,0.000158,0.584,110.11
400GLVkxtmURbgiO8hUgWx,0.702,0.625,9,-6.842,0.0456,0.0375,0.0,0.808,152.969
3TPl1naewrD2S74fmdi3nu,0.447,0.566,3,-6.718,0.0716,0.551,0.000269,0.962,147.081
6nPRTOgZZ7d3KdLjX8ReJY,0.559,0.26,3,-9.051,0.115,0.34,0.0,0.516,73.68
5faGdgen5IBXaZixIWOdzu,0.332,0.429,7,-8.376,0.0287,0.356,3.1e-05,0.242,128.091
5WOXdAAtSQIIGXQt96uJJH,0.543,0.559,5,-14.523,0.031,0.012,0.00318,0.682,150.995
0uqjxFoxuxd7XAA0YN55OM,0.473,0.945,7,-5.647,0.14,0.0402,0.000181,0.51,119.922
48NmUbjBeqaHbYJwl8xFm4,0.705,0.868,2,-5.477,0.0808,0.0102,0.000638,0.355,124.032
2iHwOGQ2HreSfcBsgYEYrf,0.332,0.429,7,-8.376,0.0287,0.356,3.1e-05,0.242,128.091
0keU4gyeaRX69PJziMMwwP,0.665,0.526,7,-8.149,0.0381,0.502,0.0,0.975,98.206
0sr2pcHb3tnWqIgZU1Urj6,0.332,0.429,7,-8.376,0.0287,0.356,3.1e-05,0.242,128.091
7gW7vssw98Zqryp4C7qRdY,0.56,0.771,6,-6.631,0.0284,0.105,1.11e-06,0.658,90.009
2TXO54YCXHrP131SwQ3azF,0.568,0.811,3,-6.509,0.0358,0.473,0.0997,0.966,136.987
3jvqC6Y2Ory7D6ijAOj6MP,0.599,0.352,2,-10.901,0.0715,0.644,0.0,0.634,141.745
1XdjKkMcjRxzHQoemRGGuL,0.747,0.95,5,-7.092,0.175,0.504,3.92e-06,0.656,105.055
1eIcCN68xTseUOP07OK8CC,0.808,0.61,9,-6.27,0.0497,0.15,0.00011,0.672,130.999
7t9b4aZQGqlOXExipRB7XG,0.762,0.426,2,-7.448,0.0592,0.873,1.41e-05,0.963,101.246
75FtEfhCTDmu97mAEqLdYc,0.697,0.667,9,-8.417,0.0527,0.0278,0.0,0.787,132.848
1yrjiJPL62jmU8Q9q9OlbG,0.56,0.846,0,-6.816,0.0412,0.000647,0.0,0.477,129.985
5OijISff2hfWgcXsRg2c8G,0.51,0.674,7,-6.599,0.0298,0.5,0.0125,0.177,130.024
77mnypCdtuUwwQszzh2CKi,0.499,0.978,10,-4.219,0.108,0.254,1.08e-06,0.479,174.087
2hxDGU9k4CTikQm1hOG5vc,0.38,0.654,11,-8.475,0.032,0.0121,1.19e-06,0.456,182.216
0GPGJVBrVMWP9unJau5mNB,0.307,0.831,11,-10.896,0.0915,0.000371,0.251,0.491,204.115
57CZLRVyGf21PgF573ZkPn,0.484,0.882,7,-5.704,0.0388,0.0444,0.00075,0.298,102.981
2kYP8mTOqjJymK3F9v6L5D,0.61,0.404,3,-8.576,0.198,0.864,1.75e-06,0.968,173.039
1Hc8ZNJYZKSSlnpKHRRXkK,0.536,0.552,1,-9.553,0.0266,0.478,0.102,0.398,171.887
13J9mjAQNq6vmq0ni3PmCA,0.601,0.486,9,-10.852,0.116,0.862,0.0204,0.514,67.607
6E1YebXpPPtujMUljDNlOo,0.519,0.546,8,-9.368,0.0763,0.0827,0.0,0.0862,115.799
6S1G1YciJfoW5wRzMio6Ll,0.698,0.358,2,-9.843,0.151,0.396,0.0,0.3,107.052
1hQFF33xi8ruavZNyovtUN,0.737,0.495,1,-13.489,0.027,0.0588,9.12e-06,0.967,104.409
0NCZVHXx8S4964Fsy5gayQ,0.374,0.16,0,-8.522,0.038,0.604,0.0,0.272,182.072
2GHBe8pqsAp0CE3sPRhSO9,0.716,0.868,11,-4.259,0.0332,0.098,6.38e-05,0.69,120.124
62FCtdHru9nNAJOGbzObi4,0.689,0.682,11,-6.578,0.0288,0.271,0.0,0.617,104.068
7mGMfDCL5O0aBOnI3Bnwlm,0.629,0.712,6,-6.812,0.0338,0.0642,0.0,0.294,134.937
6zMrbDx9STcodQe6BP0zih,0.56,0.743,6,-7.878,0.0685,0.197,0.0,0.331,144.89
4VvlkEYiQeEA9NmOOplkCM,0.826,0.94,9,-5.333,0.154,0.3,7.27e-05,0.484,109.591
6ByLwbxejUuShgRKjTHhxX,0.469,0.852,2,-6.001,0.036,0.101,2.7e-05,0.671,135.829
5r1ii0fcz2euTb29EYtFsc,0.764,0.596,7,-6.405,0.0348,0.303,1.01e-06,0.364,89.999
1MDhHLdwgTywn2ipH9t6an,0.614,0.673,1,-9.503,0.162,0.0338,0.0,0.778,76.383
5Dje6vp12fGgkoXQpKZfq8,0.616,0.621,2,-6.17,0.347,0.562,0.0,0.466,100.848
7ist7DxJe0wDmYcG52rpGC,0.637,0.471,3,-6.995,0.0301,0.32,0.0,0.803,143.859
2rWNdkro3KLaWdbAtBLJOL,0.431,0.771,8,-8.85,0.0582,0.00934,0.000453,0.311,142.222
6d0sSZ2bfKUWeICsNRPyCt,0.427,0.741,7,-7.88,0.0678,0.0557,0.0,0.868,171.783
0Rcx58KQSuUsFYVvWG10Mu,0.757,0.444,1,-16.821,0.25,0.186,9.23e-06,0.382,127.008
4u77rxNx2y59B8vWyQuzPI,0.326,0.532,6,-8.066,0.035,0.113,1.49e-05,0.589,151.498
1L2kjXRABrjFLcIaAqo1IZ,0.662,0.56,9,-5.298,0.0286,0.14,0.0,0.702,117.949
3wibiU2UECiww5wkSJfPZJ,0.398,0.962,6,-3.741,0.106,0.0111,0.0,0.199,135.107
5tWCTXztbnOsJfNYs8R1sK,0.757,0.564,5,-5.003,0.03,0.748,0.0,0.644,126.17
4YcjHdPEEIS9tI98wCGd72,0.69,0.815,7,-4.696,0.0394,0.215,1.67e-05,0.885,92.983
1KwsaxyLgurFmC3xK9Ranq,0.714,0.696,2,-5.097,0.202,0.285,0.0,0.317,150.095
0YOxIn3KAjEGmNsrlgGSVp,0.743,0.852,10,-7.223,0.0528,0.00317,0.0733,0.56,124.019
0gSMzRurJYqu2LxAJFMc0V,0.671,0.527,11,-10.175,0.0784,0.898,0.000105,0.58,103.502
1voq70uyXy4i3S1oJP48Hs,0.618,0.701,0,-11.905,0.0611,0.072,0.0,0.889,124.449
1OI6papN3ZR1qm1rDFxOyu,0.497,0.584,10,-4.633,0.0492,0.229,0.0,0.8,141.537
1eK9FbqhWUoolfJdiQtKaO,0.464,0.284,7,-14.977,0.0307,0.778,0.0,0.458,147.137
4w6XvMSqNLmWcWhzgub28q,0.547,0.667,2,-3.101,0.0375,0.356,6.57e-05,0.867,120.155
3u20pgvNSSmgMk401Bxuu0,0.581,0.658,0,-11.49,0.0391,0.63,0.0,0.746,87.157
75cgHYOy44OB9plMoZwHZr,0.613,0.646,11,-8.801,0.0712,0.562,0.000112,0.509,95.676
5bdwceWYuCD3jPg3a3zNRW,0.647,0.6,8,-6.078,0.0357,0.711,0.0,0.969,99.092
5Y0fOjIwvBC7ZZC6l6dOPz,0.522,0.55,0,-9.911,0.0662,0.188,0.0,0.391,138.276
2MViucn04mANEpbKRh5p4D,0.562,0.42,10,-5.697,0.0406,0.234,0.0,0.687,144.36
15BI6N9wQ0wnALSpxPxap5,0.764,0.618,8,-6.733,0.0508,0.489,0.0,0.99,119.938
25ItmglCh2uMV1nHHwTjLX,0.64,0.552,3,-7.338,0.0284,0.416,0.0,0.466,92.478
5UZxsxodMAfhXQk2nE0oEy,0.707,0.405,10,-4.985,0.105,0.698,0.0,0.961,84.904
1zz2mZGTBNGU35XdCSgvB2,0.723,0.616,2,-3.939,0.1,0.615,0.0,0.573,137.97
6utSznJFousgxqRZcb66b6,0.66,0.529,9,-4.273,0.0609,0.427,0.0,0.878,134.835
0AFkOMz5UWiDQUMswNqT42,0.695,0.415,10,-10.422,0.042,0.441,5.7e-06,0.979,123.981
0g8uG7xyXaE0QSH4kLRK9d,0.55,0.906,9,-6.611,0.038,0.00417,1.77e-05,0.664,109.536
5EiWFoZh29wjuPT8TmCisM,0.567,0.308,3,-6.901,0.032,0.699,2.44e-06,0.635,86.122
25PTgpFpSpgKVO5zXekfHT,0.739,0.697,5,-3.392,0.0333,0.33,7.78e-06,0.994,125.335
4IGygcHzBCUH4yOBR9YZ0h,0.329,0.378,0,-7.246,0.0318,0.441,0.0,0.4,62.911
4BwFG57h1iCRrP8uy4e28Y,0.622,0.905,4,-7.535,0.0486,0.111,1.75e-05,0.75,100.031
75vBeICzLafF3LOs1rC3DH,0.541,0.913,4,-8.03,0.0359,0.0681,0.0521,0.113,120.634
2Cl9xsAUKBPMXuUBUXklbn,0.776,0.944,9,-3.686,0.0642,0.127,0.00016,0.702,120.006
0ivLKBfGyP3cUiPy4mN9Sm,0.529,0.871,4,-8.708,0.0351,0.0229,0.155,0.109,120.736
2tqfqPGsrngNCqdTPpyCmT,0.748,0.741,1,-2.364,0.0315,0.108,0.00059,0.862,117.344
3BSjclxC2Idsc5d8LsCJwj,0.587,0.55,4,-4.967,0.0279,0.712,0.0,0.525,109.967
3omXshBamrREltcf24gYDC,0.468,0.692,2,-4.015,0.0295,0.0202,2.39e-06,0.561,78.009
2AtwGq3vX2CYlnuWrEDSwo,0.49,0.759,11,-7.777,0.141,0.103,0.0,0.569,87.652
3U3gHqRwjam6CxwW68m30z,0.821,0.485,1,-12.369,0.411,0.324,0.0,0.41,143.026
2wUwC1gBJIC05JH87v2hgN,0.688,0.489,2,-7.627,0.173,0.619,0.0,0.559,85.404
0rOdLG3DGB6JLAZDG92dSa,0.545,0.654,11,-14.689,0.0493,0.22,3.3e-05,0.576,96.094
6GOV45NixAW87unGHpS3mE,0.672,0.504,11,-8.925,0.0446,0.594,0.0,0.546,97.943
0pDc9Ha957uRuW399TFnci,0.674,0.511,5,-6.952,0.169,0.62,0.0,0.374,80.046
4v42walHHdnuqi9RONgLbw,0.649,0.586,11,-14.173,0.112,0.249,0.0,0.82,87.056
5iocCeqUoCGpT7ZY9oHl6I,0.609,0.726,4,-5.677,0.0611,0.421,0.0,0.516,89.362
2g57Cb8iArpvKqfEArfZcY,0.782,0.536,8,-6.635,0.036,0.387,0.0,0.23,129.994
1BFbjceoOgsreEBUHqFS1X,0.414,0.329,2,-8.788,0.0359,0.824,0.076,0.146,120.726
5UBXVQfXgkDl2N423nNtgi,0.796,0.742,2,-5.661,0.218,0.154,0.0,0.679,83.488
7iKZKK9gpHpOeW0Hwredfy,0.85,0.665,10,-6.41,0.235,0.322,0.0,0.294,107.026
5mc7FLjKZy3AtNpXLmqF7V,0.703,0.918,8,-7.644,0.0759,0.169,0.109,0.775,117.751
7aQeOeDQDD1OH6jEdARc9D,0.646,0.753,2,-6.542,0.0646,0.386,0.0,0.0391,99.948
2gB6BJIZ1Gkwu9Fn3x6Odi,0.423,0.732,2,-6.212,0.152,0.303,0.0492,0.534,84.366
1PuPOBAYjIwjFucI9hx8ek,0.502,0.775,9,-4.653,0.0303,0.485,0.0,0.297,78.036
1b7YO8doi0NF3H6H4yM7GE,0.678,0.553,6,-6.99,0.0398,0.547,9.38e-06,0.279,87.997
5ttzqzlNQV1nYAUfYGftk7,0.809,0.381,5,-5.275,0.0372,0.525,9.7e-06,0.925,136.144
2EBSkKiXh92JgovNJMYrT9,0.395,0.778,2,-9.806,0.0483,0.00787,0.0,0.366,76.632
1vn1f7DF7e4dbnAmdxeg5m,0.486,0.825,9,-10.004,0.147,0.326,0.0,0.829,135.736
63Ugh7fCzAtsn09ESEKQBh,0.821,0.588,11,-9.26,0.0477,0.0177,0.0434,0.933,117.637
4Ih8VpfrjulVJteZTXOJHS,0.75,0.738,2,-11.113,0.0403,0.47,0.0,0.965,134.534
7fkye7kZSoe0TYdcyWNJ3U,0.583,0.544,7,-4.483,0.0269,0.406,0.0,0.564,157.988
3w5x1B7KOXuZ1zUZANmyn4,0.64,0.903,4,-6.138,0.171,0.0197,0.000142,0.38,125.095
1CfIImPi8U5OHOvLVsDPas,0.683,0.709,9,-11.404,0.0299,0.513,2.19e-06,0.84,134.682
0y3PBRBMFfkkbLoAVZqpFc,0.481,0.449,11,-10.907,0.0338,0.638,0.00264,0.338,122.741
7dloWZBxoZkfwczMoCz7Y1,0.625,0.891,7,-9.239,0.0483,0.0175,0.000112,0.805,168.451
45gqr6gcxWpphWUj7NydGe,0.62,0.656,7,-6.821,0.0244,0.00565,0.0,0.479,108.017
0V6WaKqjxvso39u8nBgF1K,0.708,0.852,8,-5.484,0.0374,0.0551,0.000386,0.722,108.514
4hXfkCgImL8rhqlppBrDPj,0.247,0.835,1,-6.628,0.0422,0.128,1.36e-06,0.338,99.978
4Z4ATORVrIp25FqUmtBb8r,0.607,0.793,2,-8.885,0.0477,0.00377,0.0,0.968,164.343
26OQPubivPkritGBui3SF6,0.489,0.696,7,-10.355,0.0722,0.0283,0.0541,0.485,122.095
2poIygCWkfNxPaINmpFGPw,0.813,0.762,1,-6.712,0.0482,0.432,0.000124,0.772,120.363
1lGJG7xbPfctagSQNv0t9A,0.705,0.953,1,-3.128,0.149,0.038,0.0,0.633,108.243
1ghKTQnQ3eK4PCz1sCdNoa,0.789,0.527,10,-4.931,0.0335,0.297,6.37e-05,0.966,131.041
2hi7Jw3clS1Vg0L1NNwrNG,0.754,0.452,8,-5.902,0.0326,0.552,0.0,0.765,90.025
2gOOKb53hbXZCtKODq6B6Y,0.584,0.655,10,-6.732,0.0427,0.566,0.0,0.636,109.777
5f9JOmKiyxwuScmd6yidqW,0.707,0.716,3,-3.564,0.0304,0.503,8.82e-06,0.965,110.014
79IqXOVude45hrKqtSkIrp,0.463,0.798,2,-3.937,0.128,0.0415,0.0,0.731,179.879
6GqOkQXQsXI63XpVmeF9tc,0.57,0.549,0,-10.746,0.0451,0.482,0.0,0.525,123.104
3q5Ze7QksOVd2ES9YzdfsE,0.51,0.674,9,-6.274,0.0296,0.0811,1.28e-06,0.422,77.46
6VBut35l7vvjb8No4WboLS,0.505,0.53,6,-9.391,0.0499,0.00437,0.164,0.682,84.77
08HJeHs0U9iSbDWX0sWIem,0.524,0.0856,9,-17.766,0.0999,0.739,0.0,0.316,93.672
53tpLtadGWykXOix1WZ7YU,0.508,0.934,9,-5.363,0.0736,0.0112,0.0151,0.564,88.012
6etfOlvx8cRyTsKFrkjojb,0.707,0.446,0,-8.297,0.126,0.598,0.0,0.9,97.3
0rwES3EzICSovqZsrZpImi,0.374,0.334,7,-10.399,0.105,0.78,0.0,0.333,75.696
18U7KFEx5tNMEUvB1V7E1V,0.607,0.57,10,-6.284,0.0541,0.335,0.0,0.874,74.672
4c8ouGnAqVqp3puWViy0Pz,0.558,0.473,0,-8.697,0.0377,0.688,1.19e-05,0.938,133.199
4NBZ05LR7kOQlsOWlQHW0P,0.571,0.512,8,-9.344,0.0492,0.0334,0.0,0.551,143.8
5mhIx9uFL53Jk8X8XfLG6F,0.709,0.538,5,-5.821,0.0626,0.0419,0.0117,0.385,113.945
7AGOkfVeROfCXhpxhx9jYs,0.463,0.404,10,-6.145,0.0313,0.823,0.0,0.445,139.16
4mL59LVbKgOpEACxraGYdr,0.649,0.791,2,-6.013,0.193,0.104,1.97e-06,0.811,128.023
2r6BDYT9qAxk0F8EDeB3On,0.577,0.565,8,-7.226,0.0484,0.119,0.0,0.374,119.946
6XDSSxwOntlKPkE6wVzucb,0.761,0.413,0,-8.104,0.195,0.019,0.0,0.595,141.056
4l34rbUYqKWufYEWriVnB5,0.754,0.496,11,-7.357,0.045,0.406,2.05e-06,0.701,89.97
2LBqCSwhJGcFQeTHMVGwy3,0.586,0.525,1,-7.163,0.0615,0.111,0.0,0.508,133.629
3wGV5S5a2jkZw3KeH8BtB9,0.742,0.7,6,-4.712,0.0581,0.181,0.0,0.472,120.037
5yHH1BpB6Pj5hYQX41hTbe,0.583,0.535,1,-5.549,0.0472,0.575,0.0,0.387,117.172
1QC6VpD6q6TJrl30969QM9,0.645,0.418,6,-10.065,0.29,0.558,0.0003,0.123,96.963
7l9CE3wmEGOUYw1j4ETjnL,0.383,0.621,6,-5.878,0.113,0.0272,0.0,0.213,80.051
1UjyF6okUHhnVxaLV8ojsA,0.729,0.799,11,-7.378,0.0779,0.0588,0.00218,0.532,115.04
6GXe7h7e3VTbRp8sQ7GLv6,0.642,0.572,1,-8.383,0.063,0.0814,0.0154,0.607,72.493
7rWiafs8evbNtQQrTNE71e,0.57,0.873,7,-5.516,0.101,0.0162,0.0231,0.353,97.816
5bXLxmqFpKDPbbpkAa9m6V,0.704,0.724,5,-8.045,0.0313,0.0747,7.17e-06,0.894,92.928
5vAEnWrHxLv78uwZrAJcX6,0.77,0.715,1,-5.92,0.045,0.0373,0.0018,0.468,150.027
0MbTorBGV6tW2ePPVJ9Chu,0.71,0.407,10,-9.418,0.0925,0.63,0.000157,0.339,118.091
0WdR2AyLW1Drd3OUdwezM0,0.71,0.614,10,-6.757,0.0431,0.186,0.0,0.658,148.152
0W4NhJhcqKCqEP2GIpDCDq,0.688,0.518,5,-4.285,0.0283,0.0642,0.0,0.314,116.714
4wwqHo2gtdTLBWtnrx7XIu,0.7,0.742,11,-4.265,0.0591,0.0223,0.0,0.766,103.88
4ziJkj8dL74R8kaiaa8Ho1,0.527,0.693,10,-5.702,0.0426,0.155,0.0,0.365,74.524
36t2h1XTmP9YdFlG4QtCef,0.632,0.432,2,-12.208,0.0559,0.555,0.0,0.277,78.088
4NYwy0R3NdvORX2B6OZXBT,0.733,0.408,7,-7.834,0.0388,0.679,3.92e-05,0.291,94.947
2RcanAJpudPNDkyIe9DzKS,0.638,0.395,4,-11.299,0.1,0.724,0.569,0.316,78.516
5NgJ7S0URHkpJvHxmRKy2j,0.593,0.468,8,-8.299,0.0509,0.414,0.0,0.508,93.022
3Txcx4jhuiTZSvhAL0WaRc,0.678,0.413,9,-10.144,0.0501,0.365,4.05e-06,0.354,130.032
13oGc1Mi9niBlo5eTmgGMa,0.794,0.589,2,-4.48,0.0395,0.0778,0.0,0.672,81.821
6PyLw3l6ndolBrTPQp3Ibm,0.721,0.431,1,-6.633,0.045,0.244,0.0,0.318,119.76
4KUR9agGDxQZURJ9liWVHD,0.809,0.611,10,-4.508,0.0969,0.45,0.0,0.364,101.001
3nw9J97nUugT84SIJdjhAV,0.709,0.638,1,-4.3,0.0405,0.0649,0.0,0.468,141.994
17jeLyQcEUmKv3MXeEo79k,0.874,0.727,8,-7.689,0.0777,0.09,5.83e-06,0.427,98.97
4IFYR5smTnHYCLP82AiDrJ,0.476,0.407,4,-9.239,0.0368,0.247,0.0,0.226,178.258
7L06pF5o819jflseQ4Wde5,0.693,0.648,11,-6.411,0.0248,0.0949,0.0,0.319,113.117
1PmHkalaUHhh0fz23SBHDL,0.761,0.627,1,-5.554,0.0538,0.175,0.0,0.891,109.821
5jgEJXjECdlhzNgfITSTVm,0.754,0.376,0,-7.56,0.208,0.404,0.0,0.556,95.018
1yy2DlSDtEt90d54rPDPXz,0.833,0.619,7,-5.595,0.0538,0.111,2.13e-05,0.901,109.92
5i6lY64509lTzLZF0MIn2J,0.667,0.68,5,-4.526,0.143,0.227,0.000104,0.632,141.906
1P0iAEz2vmTPfXtp2XTlcO,0.893,0.433,11,-5.88,0.396,0.33,0.0,0.675,86.01
3IJCSQoLF4YzPAKaxq2JLb,0.74,0.546,7,-5.674,0.0498,0.0159,8.41e-05,0.375,130.028
360NCp4XoQ0sFi5jgu5Ww7,0.512,0.511,7,-4.412,0.324,0.537,0.0,0.651,88.816
0UQSyryW2vxE88AVFSZs3T,0.803,0.69,3,-5.89,0.269,0.0781,0.0,0.444,103.985
5cKRlX4h9UqSOBIuNZfsvP,0.577,0.516,9,-7.616,0.259,0.107,0.0,0.343,118.364
0mBKv9DkYfQHjdMcw2jdyI,0.571,0.539,5,-4.446,0.116,0.0208,0.0,0.727,202.103
27IbTtJDyvoezAn0aQWSMd,0.643,0.53,3,-9.097,0.0505,0.0244,0.0,0.187,120.035
0xiuSFBOEHWaJ6rSuUbJWc,0.556,0.346,0,-9.809,0.311,0.536,0.0,0.451,123.869
6Vmow8PuUaU7W1T2WWLZk2,0.603,0.606,9,-6.634,0.114,0.799,0.0,0.462,80.176
4QNUrye1HgJPOpDjiporuR,0.685,0.763,1,-4.842,0.0367,0.00712,6.09e-05,0.658,141.969
785dxwmxBRiqo9byQmvcdx,0.619,0.575,5,-7.24,0.0531,0.0355,0.0,0.138,106.702
6rbhWExtuchhpLC5fHnB8n,0.744,0.672,9,-5.589,0.0417,0.187,0.000123,0.266,140.891
2U5NrHirVZusBLQlohTbnZ,0.647,0.478,8,-8.837,0.0782,0.547,2.69e-05,0.333,135.877
5J1dJmSzuKiZUrWgFdoCUz,0.735,0.48,4,-15.147,0.0676,0.064,0.000521,0.866,99.382
4tXYWig3eIKqxCj32FtwLW,0.772,0.649,5,-4.995,0.0581,0.0158,0.0,0.439,135.0
5GjisoOfsN8qagrax01T4y,0.875,0.41,7,-6.29,0.0571,0.0674,0.0374,0.445,87.999
6cBwryv6XVRzGooXa1FjnM,0.639,0.548,4,-7.609,0.137,0.568,0.0,0.237,81.008
3qSH4NSYYOMkFTGwvGA91x,0.399,0.387,8,-12.455,0.237,0.518,1.88e-06,0.103,79.031
6Vas6h9lB5mmeVDXdFqlQA,0.655,0.837,11,-6.04,0.0723,0.0262,5.85e-06,0.66,91.014
0YPUjnI3WAkJPAsPkantHe,0.733,0.471,9,-8.157,0.0285,0.268,0.0,0.468,113.228
3oCJJksC12uFxkt3RQ7rbV,0.83,0.577,4,-5.156,0.256,0.0178,8.15e-05,0.63,92.973
4XnajLeZt02RnYg4k8kXpm,0.577,0.468,4,-6.115,0.0822,0.345,0.00838,0.237,158.061
2uZwyxrg6VPvlVsvclIfel,0.664,0.396,5,-9.131,0.0298,0.52,0.0,0.453,102.053
7zmleW3XZx0uUsL2CkFuDe,0.592,0.569,10,-6.374,0.0634,0.12,1.75e-05,0.562,135.414
5ehJioqjweOpo9I6hjqtAr,0.697,0.782,2,-5.901,0.289,0.0312,0.0,0.629,103.828
33NEAJosK5zyLY2D4OG7AE,0.735,0.439,10,-7.651,0.0473,0.0691,0.0,0.241,87.981
6a5jHgwqYMk9wlYJYfs3c9,0.658,0.711,2,-7.424,0.0425,0.0759,1.77e-05,0.614,172.365
2PwU1lOWkKmlmijBWywSXh,0.706,0.443,6,-13.504,0.0983,0.053,0.000111,0.741,80.891
6ICb2Ew5SwF4gLk23OvYjB,0.461,0.344,7,-11.607,0.0526,0.707,0.0,0.197,119.903
1mhVXWduD8ReDwusfaHNwU,0.583,0.454,1,-11.091,0.0425,0.265,0.0,0.309,74.64
2aR6SYRJxy2QsBxA459ATF,0.475,0.499,0,-6.818,0.185,0.84,0.0,0.454,142.867
3rYxOXZNc2qoCRhV6w9eq3,0.717,0.479,9,-5.844,0.0471,0.278,0.0,0.185,113.076
3gx6E5B42WHKf5agVWQAf2,0.663,0.481,6,-4.121,0.0545,0.195,6.7e-05,0.306,75.523
1AROE0XcC4ySCxXF65mutZ,0.573,0.319,0,-10.272,0.292,0.692,0.01,0.505,141.954
55RT9HpRozit2TAws7XDNS,0.552,0.661,2,-5.384,0.136,0.0127,0.0,0.313,169.729
2oNg1ivjGdYklAaSDACwAG,0.663,0.389,5,-8.027,0.038,0.439,0.0,0.275,130.098
04maE5ZP4x3i8jpmceOKhK,0.683,0.566,9,-5.965,0.255,0.334,0.0,0.494,73.023
3c7bUle1w9SAchAFUZ9n3o,0.537,0.579,7,-8.419,0.146,0.0726,0.0753,0.352,74.962
4OBZT9EnhYIV17t4pGw7ig,0.473,0.371,4,-10.219,0.0405,0.793,0.0,0.413,75.205
1IlBPaXuM7Fl6tiH9CPQlQ,0.712,0.217,7,-12.944,0.0813,0.846,5.61e-05,0.468,136.986
3RcL8zEhumtAeyuluvhQef,0.696,0.82,10,-4.389,0.0663,0.0394,0.0,0.507,89.961
3XVBdLihbNbxUwZosxcGuJ,0.609,0.444,7,-9.129,0.106,0.603,6.86e-06,0.166,118.402
2XRzEkfnlOUgLO0YAenSCe,0.654,0.49,1,-8.375,0.0608,0.00662,2.27e-05,0.225,72.499
4neWVpj4LWgl7YOvgefjEx,0.535,0.454,0,-7.676,0.303,0.578,0.0,0.287,93.892
0zVMzJ37VQNFUNvdxxat2E,0.64,0.659,8,-7.273,0.215,0.241,8.33e-06,0.457,136.804
1X1y6CQmAejhN8oeFtouje,0.55,0.578,5,-8.568,0.036,0.193,0.000104,0.0659,104.495
2P1e3xpjDhYFqOFeu8IWzS,0.732,0.549,0,-4.194,0.0312,0.163,6.01e-05,0.479,131.006
0WyiimLG9P2xbQLHTxKh53,0.579,0.672,8,-5.876,0.073,0.172,2.2e-06,0.286,107.0
4op2yz8i8bhS5GGLW36ri2,0.64,0.505,7,-5.584,0.0399,0.241,0.0,0.393,146.959
3TRNLShed8CXtj8xnEakW0,0.782,0.535,2,-3.902,0.121,0.0428,2.14e-06,0.764,154.014
14k416suPcOHMZ7HyGWtxh,0.59,0.698,11,-4.262,0.0286,0.000176,0.0,0.352,95.975
4gJ95h1ahYJQ3IdOMgqJi0,0.727,0.718,1,-7.739,0.0472,0.394,0.00575,0.318,94.964
6jvvpPJQJy5rMOEkLlADl6,0.663,0.693,7,-5.776,0.0635,0.0379,0.0,0.391,120.026
0H6fDB7YaMZe1rXCmATx9l,0.451,0.588,11,-7.973,0.2,0.0643,0.0,0.332,171.849
4eHbdreAnSOrDDsFfc4Fpm,0.332,0.214,4,-12.518,0.0349,0.845,5.62e-06,0.11,67.531
6XddLa3bdlJJQC6sImufdH,0.767,0.669,1,-4.508,0.211,0.298,0.0,0.72,99.933
6NuVKY9UrJ8cIylBAQc4kT,0.84,0.572,4,-6.517,0.105,0.0508,3.52e-06,0.644,108.014
1PVza5KmhSJhz12OewWciE,0.691,0.75,10,-3.934,0.347,0.104,0.0,0.345,143.744
3OQu3z3okKVmWxSXTTHak5,0.649,0.536,5,-8.804,0.132,0.492,0.0,0.513,78.935
3JbqwFY5q0ORO3siv5zL3A,0.641,0.721,11,-6.788,0.0451,0.413,7.15e-06,0.753,67.055
0ODFPypnJLE6hKgahiuSzn,0.499,0.61,8,-5.11,0.135,0.473,0.0,0.436,172.969
5hJFhO9dvhJoDvUZZ9iWSw,0.625,0.576,11,-5.693,0.175,0.0543,4.07e-05,0.235,179.063
6YZQx90VEuzf0lRY9TYh7j,0.673,0.596,11,-6.489,0.0438,0.316,1.88e-05,0.22,75.022
7Lf7oSEVdzZqTA0kEDSlS5,0.624,0.654,8,-6.582,0.183,0.577,0.0,0.564,73.898
3TOfcOKNuu6ZPZXJie5msH,0.767,0.611,5,-5.173,0.0983,0.157,0.0116,0.11,94.034
5xjTqz4aYQeBnFhwMPmfx9,0.703,0.669,11,-7.002,0.0648,0.31,0.0,0.546,115.139
4p5PMH5fh01p0VeLIyeTei,0.566,0.425,2,-8.255,0.193,0.0595,0.0,0.107,144.993
3SwhPTNNU5hpF33bbCsji6,0.688,0.611,0,-7.213,0.0809,0.337,0.0,0.212,109.962
2vwO3W1n5k6YaNaQeLRYae,0.541,0.685,2,-4.746,0.168,0.234,0.0,0.326,131.542
42fmP3T4C1LV815RMb8zdC,0.519,0.545,11,-5.957,0.0479,0.558,0.0,0.415,151.993
6mwA6YiKDjAUG8kWvRRUPh,0.66,0.347,11,-9.114,0.03,0.452,0.0,0.256,129.747
2FgA1bcV66Uno7vCRYTDQo,0.759,0.433,1,-9.166,0.194,0.3,0.0,0.3,136.023
6BIcjFZIVDZxNAcofRFPx4,0.618,0.552,8,-6.863,0.0981,0.176,0.0,0.586,81.975
0X2mNUS7bCDl7dKylYXvWL,0.834,0.724,3,-5.857,0.0931,0.0737,0.0,0.88,103.979
3EP7Za6FlJyBvSpPRPR2XU,0.558,0.392,9,-9.135,0.0576,0.552,0.000288,0.395,159.845
1B6TmCvKjC4dopBohVW51x,0.739,0.536,1,-6.501,0.0587,0.00374,0.0,0.193,122.023
5MjAFPcmrR1DYCgZrXCN4d,0.734,0.776,2,-4.193,0.0826,0.0406,0.193,0.843,78.542
4ou5xyFUJX4VwX76tw1qb1,0.928,0.675,5,-3.535,0.0566,0.379,0.0,0.794,105.952
2xWVD6aecDSHroyPVVcPpa,0.53,0.525,5,-6.767,0.0522,0.0842,2.11e-05,0.231,179.944
0eWkGHUqc5a19PIzJ1v6E4,0.651,0.548,6,-6.863,0.0856,0.168,0.0,0.623,78.967
31CsLSgn0HdZEVC8Bnnmvr,0.835,0.833,1,-4.364,0.284,0.00247,0.0,0.586,103.358
7J41dYQolQJEtj3UmKLu5r,0.816,0.5,1,-4.551,0.03,0.0227,1.53e-06,0.649,124.037
71EHOyEOhNx1SzTebRRyng,0.693,0.533,2,-10.954,0.0402,0.107,0.0,0.568,127.661
23op9B31lF72t20r41KBtg,0.593,0.651,9,-6.904,0.135,0.0169,0.0,0.323,86.535
68cqjvYCoSbFwhOVAL7eYU,0.765,0.511,1,-8.49,0.0752,0.0276,0.0,0.69,84.984
2ciMN5X2mLSwwnTX2V8oVS,0.767,0.625,5,-3.533,0.24,0.158,0.0,0.647,144.927
6SGORNmEyvGosjlixuj76U,0.839,0.464,1,-6.812,0.0684,0.332,0.0,0.575,106.958
2vG1yrWSMiL6egg6w4e9ma,0.765,0.831,7,-6.522,0.0565,0.0894,0.0,0.809,100.026
3c6afiysmB7OnxQzzSqRfD,0.656,0.479,7,-7.055,0.0348,0.0665,0.00272,0.708,184.374
1I6pKIyaBp4OebTGLJpCCC,0.853,0.871,8,-3.715,0.0851,0.0145,6.84e-05,0.863,124.021
4D2Z8yUlhaDD81ubWpcRdt,0.797,0.5,0,-6.964,0.0354,0.0579,0.0,0.492,106.957
4aIWo7ekOi6qyRiWsFUD9I,0.489,0.412,1,-10.588,0.168,0.537,0.000213,0.267,173.755
4xyoLXrUb0cpROQwZe1ggb,0.496,0.65,5,-3.867,0.103,0.254,8.68e-06,0.551,134.9
376Gg7Oxo5C5jUWDWpVXeI,0.714,0.519,7,-7.472,0.0772,0.555,0.0,0.451,88.017
5i66xrvSh1MjjyDd6zcwgj,0.583,0.827,1,-4.566,0.142,0.0101,0.0,0.552,173.99
5hruDVlQDYbgGuMJu7jYBM,0.817,0.705,11,-4.838,0.0394,0.0419,0.0,0.616,124.017
0gs72Zn1Nxin1kvKpo9ee5,0.771,0.676,4,-6.018,0.223,0.285,4.49e-06,0.804,119.997
3qctHDUP0kCYj0kUGVQcIP,0.73,0.628,5,-5.104,0.0861,0.165,0.0,0.374,141.052
5EMKXzsOCaWZ0wgspNV8C8,0.474,0.503,11,-5.289,0.0445,0.335,0.0,0.431,180.059
0iUQMaYF4PijgspAkghWMm,0.518,0.528,5,-5.002,0.0929,0.22,0.0,0.275,171.68
2rX2LNaTlQYbIdJNcue4lJ,0.577,0.71,1,-3.525,0.0371,0.137,0.0,0.326,100.11
5CdJveJgiGXoGwDFqF6afp,0.697,0.608,4,-10.976,0.0463,0.0295,0.0,0.725,133.879
3CbnA6S33amyRNmgmfi33H,0.586,0.572,5,-7.523,0.0398,0.137,0.0,0.563,81.893
4V2F0DZrAXOWq9hkwMMG3x,0.664,0.351,0,-12.136,0.118,0.226,2.38e-06,0.816,113.204
2JurVNC7N2phe3c5VIW1al,0.633,0.721,5,-3.538,0.0712,0.0878,0.000501,0.78,151.945
